Inh L1 LAMP5 PVRL2 (0)	CBLN4	HS3ST5	RELN	TRPC3	GABRA1	GABRG2	PLPPR4	ATP2B2	GABBR2	CHN1	YWHAH	IL20RA	GNAO1	CA10	GRIA2	CA8	ALDOC	PCP4	CALB1	PCP2	PVALB	GNG13	ITPR1	GRID2	ITIH2	GPC3	APOB	BPIFB2	KCTD8	AHSG	HLF	IGFBP1	AGT	SERPIND1	SEMA4G	MATN3	PTPRR	APOH	F5	DHRS2	KCNIP4	SERPINF2	TF	ITIH3	A2M	ASGR2	COL27A1	DUSP9	C5	ASGR1	CNTN3	SERPINA7	NOTUM	NSF	SPINK6	PEG3	UGT2B10	CAMKK1	KCNAB1	CAMK2A	PRKCG	CFI	SMLR1	SERPINA5	ABCC2	F2	SERPINA11	MST1P2	FGL1	NKD1	SLC13A5	AMBP	FBXL16	BTBD8	SYN2	FREM1	CCK	SCG2	C2	VSNL1	ACSL4	APOM	SEC23A	MFSD4A	SLC12A5	SLC17A7	CP	FAM163B	ACSS3	NOMO1	PPP2R2C	PACSIN1	SNAP25	SLC1A6	RPS6KA3	SV2B	CRLF1	RBFOX1	C4A	DLGAP1	C2ORF72	KCNJ4	SYP	NPTXR
Inh L1 LAMP5 RAB11FIP1 (1)	ADAMTS20	FREM1	MYH11	ACTG2	CNN1	PGM5	MYLK	LPP	ASS1P5	GCNT6	PPP1R12B	CICP19	ZNF562	RP11.747H7.1	BPIFB2	CDC42EP3P1	MMP20	RP11.1148O4.1	MAN1A2P1	RP11.420J11.1	OFD1P17	RP4.738P11.4	MATN3	TUBB8P1	DUXAP1	MARK2P8	IGFBP1	TNS1	PPP1R8P1	CSRP1	TMCC3	AWAT1	VWC2	LMOD1	CICP6	AC073135.8	RBM17P2	CKBP1	GABRA6	RP11.298A10.1	GPC3	CEP78	COX4I1P1	SGCD	RP11.641C17.4	ITIH2	CNGA1	RP11.487I5.4	OPN5	AC005758.1	CTD.2012B7.1	AHSG	RELN	HLF	FBXO47	ITIH3	A2M	SERPIND1	LGI1	RP11.479F13.1	APOB	SLC26A5	AGT	RP1.102G20.4	SPHK2	ACSS3	RP11.478H16.1	AC007679.4	RP11.206P5.2	SEMA4G	CTD.3233P19.8	NKD1	RPS4XP21	EML4	SSX6	NOTUM	ACER2	COL27A1	RPS15AP36	SMTN	RP11.351O1.4	APOH	ASGR1	AEN	F5	PEG3	CACNA1C	DHRS2	SYNM	SERPINA11	MYL9	TAGLN	SERPINA7	TF	HMCN2	SERPINF2	VAX1	SDHDP6	CFI	MST1P2	C5	CCDC183	ASGR2
Inh L1-6 LAMP5 AARD (2)	FBXL7	FREM1	KIT	PRELID2	NID1	BPIFB2	MATN3	IGFBP1	GPC3	ITIH2	PTPRU	AHSG	RELN	HLF	ITIH3	A2M	SERPIND1	APOB	AGT	ACSS3	SEMA4G	NKD1	EML4	NOTUM	COL27A1	APOH	ASGR1	F5	PEG3	DHRS2	SERPINA11	SERPINA7	TF	SERPINF2	BIRC7	CFI	MST1P2	C5	CCDC183	ASGR2	UGT2B10	DUSP9	SERPINA5	BTG4	RP1.253B10.1	ADGRG6	LGR5	RP3.454G6.2	TGFBR3	IGF2	ABCC2	SLC13A5	F2	APOM	ZNF840P	OOSP2	TRIM77	WEE2	C2	SP5	CRLF1	FRAS1	ISM2	SMLR1	RPS6KA3	FGL1	CP	AMBP	NFATC4	REC114	DQX1	OOSP1	PTTG1	SOAT2	SEC23A	RPL23AP47	C4A	VWCE	RP11.903H12.5	PROC	ZNF221	OOEP	C4B_2	ARMC2	GATA1	PIGZ	ZNF215	KPNA7	TMEM181	UNC13C	FMO5	EBLN1	ACSL4	HIST1H1A	SAA3P	FSTL1	RAB17	BCL2L10	RP11.404G16.2	C2ORF72	FABP1	SLC5A9	DPPA3	NOMO1
Inh L1-6 LAMP5 NES (3)	EPHA3	EYA4	KIT	NTNG1	RO	WDR66	HTATSF1P1	VDAC1P8	RP5.928E24.4	MFSD4BP1	RP11.354K4.1	ARHGEF10	NOVA2	TTL	FEM1A	GCM1	RP11.628J14.1	IBA57	CPEB1	SRGAP1	RP11.329N22.2	RP11.24B13.2	AC008686.1	RP11.484L7.1	RNF165	ZNF493	RP11.358L22.2	NABP1	COG8	PLAG1	MAS1	PLD5	NOG	NUBPL	RNF122	MARCKSL1P2	ZNF688	FKBP9P1	RP11.93O17.2	CSF2RA	PTPRU	RP11.154D6.2	CTD.2062F14.2	CICP27	OSBPL6	SHOX	ATF6	SALL4	DNAJB5P1	RP11.179A10.2	ZNF578	HMGN1P14	BPNT1	PDZD7	PCDHB1	AC091493.1	ZNF414	GPR35	SLITRK2	HNRNPA1P40	RP11.290O12.1	SPATA17	GPLD1	KLLN	SULT1A1	CNR2	SCRG1	MOGAT3	FAM124A	RAB12	PPARG	RP11.694O4.1	CTD.2299E8.1	FLCN	PLEKHA3	EMX2	SPATA4	LPIN3	MEMO1	CTD.2521M24.4	SYT12	GJD2	FOXP1	FZD5	GBP1P1	BIRC7	FGFR1OP	PCDHA5	TXN2	GTF2IP13	SLC25A48	ARHGEF26	FIS1	DPP6	CRB1	MLLT3	BTBD7P1	FGF8	LYPD4	HS3ST1	FOXD2	Z97634.3	TTPAL	SLITRK5	RRN3P3
Inh L1-6 LAMP5 CA1 (4)	HS3ST4	NOS1	TRIM69	TLCD2	FAM149A	KRT18P34	TBC1D13	CH17.39B16.5	EDEM1	PPP2R3B	SH3GL3	GOLGA2P7	SNX8	GUSBP6	PRR16	WTIP	ZNF536	AC025263.3	RP11.123C5.5	RP11.34P1.4	TSC22D2	GUSBP8	DISP1	KCNJ18	KRIT1	ZFAND3	PRR11	OPRD1	SLC52A1	ABHD16B	LRRC37A14P	AP4S1	KLHL33	RP11.341D18.5	RP11.586E1.1	ZBTB8B	RP11.552O4.2	RPS4XP5	DCLK3	GS1.124K5.12	AC093642.5	OR13I1P	C1ORF100	CYP46A1	FAM74A4	RP11.809N15.3	CA5A	RP11.574M7.1	KCNA7	DAPK2	RP3.455J7.3	MPV17L	TCF23	RPL3L	C9ORF3	SUMF1	RP11.307A17.2	LRRC2	TTC7B	PYGM	IFNL1	USHBP1	DISP2	RP11.687F6.4	SLC36A2	GUSBP1	KBTBD12	MCF2L2	CDK13	ADSSL1	ATXN2	TMEM38A	RPS6KA5	ASB11	DENND2C	ZNF81	ART3	KRT18P52	CPSF1P1	MYOZ1	RP11.81A22.5	TSPAN10	COX18	ANKRD23	CACNA1S	TMOD4	RP11.91P24.1	MYOZ3	CASQ1	RILPL1	ASPA	C10ORF71	MSS51	AMPD1	OLA1P3	FAM221A	ZNF713	MYOT	MFSD13A	RP1.190J20.2	RP11.153M7.3	UBXN2A
Inh L5-6 LAMP5 CRABP1 (5)	LOC105379168	PDGFD	PLA2G16	UPF3A	CYP11B1	RABL2B	FBXW10	C7	FCRLB	PABPN1	HSD3B2	CYP17A1	CLDN20	SPTY2D1.AS1	C21ORF2	FAM198B	AC092610.12	AVPR1A	MEF2B	TNXA	CYP21A2	STAR	AOX1	TRIM5	RP11.546B8.5	DEXI	SERPINA9	LAMA2	C4B	LAMB2	C1R	SIGLEC10	DDR2	ABCA8	SLIT3	RECK	PLPP3	PDGFRB	FBLN2	UBALD1	VARS2	DDI1	LYVE1	CYBRD1	KCNQ1	FBLN5	RGS19	MAGEB10	BCAP31P1	C1S	SRA1	RARRES2	DCN	VCAM1	SVEP1	NID1	DPT	MOXD1	NR5A1	ELL3	FSTL1	TYROBP	FMOD	FBLN1	CYP11A1	ADAM33	AC022405.1	AC010412.1	ADGRA2	SRPX	MAP3K5	TNXB	PODN	LRRC32	NOV	COL3A1	KCNK3	PGM5	TNS2	ALPK2	ANGPTL1	RP11.313P13.4	SLC40A1	ABCB7	MYL9	GS1.393G12.13	PTH1R	CCDC80	HEG1	ADAMTS2	FBN2	LAMA4	FBXL7	COL12A1	WASH1	ECM2	C2CD2	CD248	KIAA1462	HTR3A	DOK5	EFEMP2
Inh L3-6 PAX6 LINC01497 (6)	PALMD	RELN	SERPINF1	ITIH2	GPC3	APOB	BPIFB2	AHSG	HLF	IGFBP1	AGT	SERPIND1	SEMA4G	MATN3	APOH	F5	DHRS2	SERPINF2	TF	ITIH3	A2M	ASGR2	COL27A1	DUSP9	C5	ASGR1	SERPINA7	NOTUM	PEG3	AQP7	UGT2B10	GPD1	CFI	SMLR1	PLIN1	SERPINA5	ABCC2	F2	SERPINA11	MST1P2	FGL1	LIPE	NKD1	SLC13A5	AMBP	ADIPOQ	TUSC5	SEMA3G	FREM1	C2	ACSL4	APOM	SORBS1	CIDEC	SEC23A	CP	ACSS3	NOMO1	LEP	RPS6KA3	CRLF1	PLIN4	FZD4	C4A	C2ORF72	SPINK8	PROC	AOC3	CCDC183	C14ORF180	SLC22A31	EML4	TMEM181	IGF2	DQX1	ZNF106	FHL1	IKBKAP	ADGRG6	ECM2	CHRDL1	PIGZ	C4B_2	BTNL9	F11	FGFR4	GPIHBP1	SP5	ALB	RP11.404G16.2	HSPB6	LPL	SOAT2	CD300LG	SLC39A14	ACACB	LGR5	C3	NOMO2	APOA2	SERPINA1	DGAT2
Inh L1 PAX6 MIR101-1 (7)	RELN	TGFBR2	A2M	RPS6KA3	TGFBR3	ITIH2	GPC3	APOB	BPIFB2	AHSG	HLF	IGFBP1	AGT	SERPIND1	SEMA4G	MATN3	APOH	F5	DHRS2	SERPINF2	TF	ITIH3	ASGR2	COL27A1	DUSP9	C5	ASGR1	SERPINA7	NOTUM	PEG3	UGT2B10	CFI	SMLR1	SERPINA5	ABCC2	F2	SERPINA11	MST1P2	PECAM1	FGL1	NKD1	SLC13A5	AMBP	TLN1	EPAS1	FREM1	C2	LRP10	ACSL4	APOM	SEC23A	MYH9	CP	IL13RA1	ACSS3	NOMO1	CRLF1	C4A	AKAP2	C2ORF72	ECE1	PROC	PXN	TGOLN2	ACVRL1	CCDC183	CLEC14A	TBC1D2B	ISY1.RAB43	SLC22A31	IGF2R	EML4	NID1	TMEM181	GNAI2	LAMB1	IGF2	DQX1	LAMC1	TMBIM1	FAM198B	IKBKAP	ADGRG6	CD93	PLXND1	PIGZ	C4B_2	LTBP2	NDST1	ITGB1	F11	KHNYN	FGFR4	SP5	SLC12A4	CHPF2	LASP1	ALB	EHD2	RP11.404G16.2	CDH5	CAPN2
Inh L1 LAMP5 BMP2 (8)	COL5A2	FREM1	NID1	COL5A1	FSTL1	COL3A1	COL1A2	FBN1	MRC2	COL1A1	SPARC	BPIFB2	CDH11	SERPINH1	LAMC1	COL16A1	COL12A1	MATN3	IGFBP1	ADAMTS2	LOXL2	PXDN	GPC3	FKBP10	LOXL1	EFEMP2	LAMB1	KIRREL	EMILIN1	PARVA	COL4A2	COL6A1	ADGRA2	ITIH2	TIMP2	COL14A1	CKAP4	DDR2	PRRX1	AHSG	PDGFRB	RELN	COL6A3	LAMB2	HLF	PCOLCE	CALD1	COL6A2	ITIH3	ADAMTS12	COL11A1	A2M	SERPIND1	CCDC80	CALU	LOX	ITGA11	APOB	TAGLN	FN1	CD248	ITGB1	AGT	ACSS3	PTK7	MXRA8	SEMA4G	NKD1	EML4	TPM4	NOTUM	COL27A1	GPX8	FERMT2	LAMA4	LRP1	BMP1	MXRA5	HEG1	NFATC4	TRAM2	EVC	FRMD6	APOH	ASGR1	EHD2	AFAP1	LTBP1	F5	MMP2	PEG3	DHRS2	CLIC4	SERPINA11	PTRF	FBLN2	CRIM1	FKBP9	CTHRC1	NID2	RCN3	VASN
Inh L1 LAMP5 NMBR (9)	PCDH18	RELN	ITIH2	GPC3	APOB	BPIFB2	AHSG	HLF	IGFBP1	AGT	SERPIND1	SEMA4G	MATN3	APOH	F5	DHRS2	SERPINF2	TF	ITIH3	A2M	ASGR2	COL27A1	DUSP9	C5	ASGR1	SERPINA7	NOTUM	PEG3	UGT2B10	CFI	SMLR1	SERPINA5	ABCC2	F2	SERPINA11	MST1P2	FGL1	NKD1	SLC13A5	AMBP	FREM1	C2	ACSL4	APOM	SEC23A	CP	ACSS3	NOMO1	RPS6KA3	CRLF1	C4A	C2ORF72	PROC	CCDC183	SLC22A31	EML4	TMEM181	IGF2	DQX1	IKBKAP	ADGRG6	PIGZ	C4B_2	F11	FGFR4	SP5	ALB	RP11.404G16.2	SOAT2	SLC39A14	LGR5	C3	NOMO2	APOA2	SERPINA1	ATRN	ISM2	ODAM	FSTL1	EHBP1	FMO5	IGSF1	SERPINF1	NR0B2	COL12A1	MBNL3	PAMR1	PDGFRB	FABP1	SLC5A9	SNTB1	DGKK	PAH	TGFBR3	ETV4	VWCE	RP11.903H12.5	HNMT	FGG	MAN1A1	SLC17A9	TM9SF4
Inh L1 PAX6 CHRFAM7A (10)	CHRNA7	CNR1	LINC01539	ZNF793	ZNF519	HERC2P5	HERC2P8	PGBD1	FAM221A	ZBTB8A	ZNF713	XKR9	ACBD7	ZBTB8B	CHL1	CA5A	CDK5R1	RPS6KA5	MCF2L2	SLC9A4	IRX1	DCLK1	CCDC122	ZNF445	FAT3	PCDHA4	SLC35E3	OLA1P3	CLASP2	TMEM192	RUFY3	MAP2	ORC4	OPHN1	ZNF548	TLX1	PABPC1P1	C4ORF36	PEX26	WTIP	CMC2	HCAR1	PLXNA2	ZNF26	L2HGDH	TCF23	LBX1	RILPL1	MPV17L	NMNAT1	CNTLN	ANK2	FAM98C	STAM	BCAS4	HNRNPA1P54	XPR1	ABCC9	C5AR2	WDPCP	ZNF556	GNG2	SAG	NPFFR1	TUBB2B	RP11.307A17.2	SHISA9	ARID2	SPC25	GABRQ	LRRC57	GEMIN6	PGBD4	ZNF506	XKR4	ZNF891	ASB3	TRIM73	C2ORF81	GRIA2	ZNF383	CRHR1.IT1	AP4S1	OLA1P2	AC156455.2	TTC21B	AGO3	LRTOMT	PSPN	ASPA	CCNB3P1	ZNF554	KIDINS220	KCTD19	DISP2	ZBTB25	NUGGC	FAM179A	C17ORF105	CYSLTR1	RP11.402K9.1	NRXN1	ZNF8
Inh L1-6 VIP SLC7A6OS (11)	CNR1	PBX3	GNG2	PKIA	RUFY3	CRMP1	MAP2	NOVA1	CHL1	TUBB2B	INA	NREP	PGM2L1	CLASP2	TUBA1A	NCAM1	HMP19	FNBP1L	SCN3A	GSTA4	GDAP1L1	KIDINS220	DPYSL3	RBFOX2	KIAA2022	MLLT11	PPFIA2	SEPT3	CEP170	DPYSL5	PAK3	GAP43	RAB3C	FZD3	POU3F2	STOX2	NSG1	MSANTD3.TMEFF1	ST6GAL2	TFAP2B	VWC2L	CDK5R1	DCLK1	FAT3	TLX1	GNG3	PLXNA2	SBK1	LBX1	ANK2	TTC3	XPR1	CASD1	GABRQ	EBF3	GRIA2	NRXN1	TUBB3	ATAT1	SYT11	PPP1R9A	CSRNP3	FOXP2	POU3F3	RUNX1T1	MN1	PEG10	RP3.403A15.5	ADGRL3	ST8SIA2	ENC1	RGMB	ZC2HC1A	PTPRD	HN1	NCAN	TRIM2	PBX1	KIF1B	MAP6	GRIN2B	ADAMTS15	SCRT2	CTNNA2	RP11.505K9.3	ELAVL2	TRIB2	NRCAM	UCHL1	RBFOX1	BEX1	KIF5C	DPYSL4	MAPK8	BASP1	CELF3	SLC44A5	KIF3C	FEZ1	YWHAQ	SLC17A6	MPPED1
Inh L2 PAX6 FREM2 (12)	CILP2	IGFBP7	MYL9	PDGFRB	LMOD1	TAGLN	EFEMP2	LOXL2	EHD2	SPARC	COL4A2	PARVA	FSTL1	MXRA8	CTGF	LTBP2	COL5A1	BGN	EPAS1	GAS6	CALD1	NTN4	PXDN	ITGA11	PODN	LAMB2	RRAS	BMP1	FBN1	FN1	SERPINH1	CD151	EMILIN1	VASN	TIMP2	ADAMTS2	LAMA4	LAMB1	LAMC1	FOXC2	TRIOBP	KANK2	C1QTNF5	MRC2	ACTN1	CLSTN2	C1R	CDH11	DKK3	IGFBP4	COL16A1	ENG	RCN3	ARHGEF17	LRRC32	PTRF	LOXL1	HEG1	MRGPRF	CSPG4	ADGRA2	KIAA1462	ITGB1	SYDE1	CYB5R3	RP11.403I13.4	MICAL2	ADAMTS12	ITGAV	MMP2	COL8A1	ANGPTL2	CRIM1	SORBS3	TGFB1I1	CD248	LIMS2	PLAC9	DDR2	HTRA1	CD81	PXDC1	TNS2	CCDC80	PRSS23	COPZ2	SLC12A4	RAB11FIP5	MRVI1	AEBP1	TSPAN4	SEPN1	MYLK	COL6A1	MXRA7	COL1A1	PCOLCE	KIRREL	FBLIM1	NID1	GPC1	CKAP4
Inh L1-2 VIP HTR3A (13)	HTR3A	LOC105373642	BPIFB3	FCRLB	MEF2B	SERPINA9	GHRL	KCNK12	IZUMO4	RGS13	ELL3	DDI1	FOLR1	CD19	CD22	MAGEE2	DTX1	TNRC18P2	SIGLEC10	LRMP	NT5C3AP1	FCRLA	SNX29P2	TAS1R3	PPP4R1L	TNFRSF13C	CLDN10	RP11.60E8.4	PTPN2P1	TAC4	EXOC5P1	CLU	PAX5	PDGFD	RP1.130L23.1	CD180	CMIP	RP11.589M4.4	SWAP70	MS4A1	USP44	USP50	RP11.802O23.4	ZNF878	RFTN1	RP11.12A20.7	CYP51A1P1	CARMIL3	RP11.101O6.2	NUGGC	GRIK1	KLHL6	FCGR2B	POLR3G	CTC.444N24.9	GABRB2	RRAS2	SPATA2P1	RPL39L	MAP4K1	IGKV1D.8	EHD3	NEFL	MFHAS1	RP11.467H10.1	NLGN4X	SLC25A19	HMCES	TAAR5	KLK8	SPDYE17	CTAGE7P	VRTN	ZFP42	TERF1	IGKV2D.28	SPINK1	PTGES3P3	CDV3	FAM180B	CD79B	GGCT	C10ORF53	SEPHS1	PARP1	LECT1	IFITM3	SPX	L1TD1	AC002543.2	ABCC6P2	HIST1H2AG	HIST1H2AM	PHC1	PALD1	IRF8	RP11.449H3.1	PLEKHA2	TERF1P1	SEL1L3	RP11.1H15.1	RP11.47G11.2
Inh L1-2 VIP WNT4 (14)	LOC105379064	SYT9	ID4	RP11.410L14.1	JAM2	C1ORF204	SPOP	MAP3K19	LRRC9	EID2	DCLK2	SLC6A11	ZNF610	C9ORF47	ZNF765	HTR2A	SCN1A	GRM5	KLRA1P	RIBC1	PAF1	ERH	FAM199X	WDR19	PLCL1	JADE3	RP11.597G23.1	JPH3	USE1	POU3F3	ANKRD6	NBPF25P	CRYGN	CDYL	RP11.421N8.1	CNDP1	VWA3A	NEK5	TUBGCP2	AC133644.3	CDRT4	EPM2AIP1	RADIL	RPS19P1	ABC7.481722F1.1	AKR1B10P1	KIF1B	APLP1	SOX21	SPACA3	DTNA	STK39	TRIM77	TCTEX1D1	KCND3	CNTRL	BEX4	MAN1C1	TMEM108	QKI	PPP1R9A	PTTG2	ACP6	ADAD1	RP11.112J1.3	PFN1P3	CNTNAP4	HEY2	PPP1R3F	MPP2	CNTD2	RPL23AP24	UNC80	RANBP3L	GPR37	CCDC184	SUCLG1	RUFY3	ENO2	RP1.169K13.3	DNM1P34	ZNF487	CYTH2	CADM4	MAP2	NFASC	SRCIN1	ACTG1P3	S100A5	ERMN	HSCB	SEPT4	ZIC1	USP43	PSMC1P3	CKB	AGAP1	BOD1	SPAG9	SPIN1	MAGI2	WFDC12
Inh L1 PVALB SST ASIC4 (15)	ADAM33	NCKAP5	PRELID2	TWIST2	PODN	FBLN2	RP11.736N17.11	ADGRA2	MRGPRF	CEMIP	FBLN1	CD248	MXRA8	RECK	OSR2	PDGFRB	FBLN5	PCOLCE	COL6A2	COL16A1	EFEMP2	COL6A1	C1R	VASN	SLIT3	COL1A1	IGFBP4	EHD2	TNFRSF11B	MRC2	NFATC4	GAS6	TMEM119	EMILIN1	MMP2	ADAMTS2	ACKR4	LRP1	IGFBP6	KANK2	FSTL1	TIMP2	CCDC80	SVEP1	MYL9	COL12A1	LAMB2	CPZ	LOXL1	C1S	SOD3	PARVA	MYLK	PRRX2	PAMR1	PSG5	RCN3	LAMA4	SSC5D	DDR2	DCN	THY1	ANGPTL2	ISLR	CREB3L1	MFAP4	BDKRB2	MRVI1	PTGIS	MXRA5	EVC	QSOX1	COL5A1	CYBRD1	MIIP	COPZ2	ELN	COL1A2	ADGRD1	GREM1	GAS1	SH3PXD2A	ADM	PTK7	TNS2	PRRX1	PLPP3	COL6A3	LAMC1	LAYN	ZCCHC24	GSG1L	FBN1	NID1	TAGLN	THBS2	SCARF2	LIMS2	HEG1	PCDHGA12	LOX	MKX	CLMP
Inh L1 SST P4HA3 (16)	ARHGAP42	FOXO1	ST8SIA6	CCDC141	RMI2	AC090945.1	PTPN13	TMEM133	GLCCI1	MYOCD	CCDC102A	DGKI	RP11.286H14.4	TMEM160	NEBL	TDRD7	CGNL1	LIFR	TECRL	CAMK2D	RHOBTB3	SRSF9	BMP5	LGR4	RP11.415I12.2	ALPK2	MATK	RP11.274J2.1	ZFP36L2	PDK1	METTL3	FBN2	PUM2	NME4	LKAAEAR1	NPW	GFI1B	LUZP6	PDGFRA	SAC3D1	LAMA1	ZNF212	CTD.2207O23.3	HMGB3P17	CBFA2T3	TTN	RP11.534L6.3	VAMP7	TBX20	ELMO1	FAM19A4	CTNNA3	ZNF77	FAM53A	MAP7D3	OR11N1P	PKP2	NLRP6	NSA2	AC069282.6	AVP	RP11.974F13.1	XPO4	TJP1	RP11.309L24.4	SLC16A1	EGFL7	LIPJ	SC5D	LYL1	GLB1L	FBXO18	CNOT6L	CD5	ICOS	TEC	NFE2	IFT88	MFSD14C	QRFP	PCDH7	NID2	MPL	KTN1	HMCN1	DDX11L5	DNPEP	CYTL1	TMEM220	MICAL1	MYB	BMP2	ZXDC	SLC39A3	WHAMMP3	GATA6	PRTG	AP000344.4	WWC2	RPL10AP5	MCC	PDF	RPL21P3
Inh L1 SST DEFB108B (17)	NDST4	SYT10	AC069257.6	RAB40AL	HMGN1P24	KLF3P1	MMP21	AC092835.2	CRYBA1	RP11.134E15.2	OR2A1	RPL7P4	IGSF11	ZIM3	ZNF300P1	UBE3D	REV1	ZNF585A	KCNH7	MTCP1	SAE1	RP11.51O6.1	FERP1	RAD51B	JAK1	CTC.535M15.1	DIO3	VPS16	CNTNAP3P1	RTP1	AGO1	CNTNAP3P5	GVQW2	KB.1090H4.2	SAP130	AP000568.2	RP4.734P14.4	RPL17P17	CTD.3107M8.2	CTD.3141N22.1	RP11.395M19.1	ZNF33A	RP11.406H23.5	TRIM27	PRRC2C	CDC20P1	OR7A5	OR2A20P	FKBP4P1	RP11.382D8.3	RPL23AP63	ETNK1	SOX5	PTMAP5	ZRANB3	CEP97	ZNF74	GLYATL1P2	SLC30A9	RPS15AP40	RPL30P5	HNRNPA1P15	WDR59	AC012065.5	AC006116.27	SELO	ZNF542P	NEUROD6	KIAA1109	RPSAP20	NFIB	POLA2	NPHP3	AC006461.2	ADAM3B	SLC6A15	ARL17A	TRMT112P6	MCM10	THOC2	CTD.3105H18.5	RAB13	RP11.325O24.2	TPT1P2	RP11.399N22.3	ZNF484	TYW5	CPSF7	AF131216.1	AMER2	GLI3	POTEM	RP13.650G11.1	AC012671.2	RP11.298I3.5	GLCCI1	NFIA	BCL11A	AC093106.6	THUMPD2	AIF1L	GUCA1A
Inh L1-3 VIP CBLN1 (18)	HTR2C	LOC284825	TAC3	ZNF579	UNCX	SPAG11B	BGLAP	NBPF25P	C16ORF92	PROX1	OLFM3	ATP5HP2	FNDC5	CDKN1C	CTC.470C15.1	MAP6	SCRT1	TPRN	TRPM3	NHLH1	CNTN2	NAV1	RP1.315G1.1	BCRP3	PRKCG	FGFR2	TPBGL	TMSB4XP4	NEFM	ONECUT3	LHX1	RP11.493G17.4	TRH	TMEM163	DDIT4L	RAB15	ROBO3	LIPM	ARL6IP1P3	NEFMP1	NPB	SLIT2	NPTX2	GRM8	C4ORF48	TMEM132C	RP11.325O24.5	HMGN2P4	NFATC2IP	TEX15	MAP1B	RP11.283C24.2	FRZB	NPIPA3	PAGR1	KIF5C	AC011753.6	RP11.147I11.1	NKAIN4	SRPK2P	KLHL35	CLEC19A	RP11.56M3.1	DKK2	CREG2	ASIC1	ARHGEF9	FAM92A1P1	RP11.542C16.2	DOPEY1	STMN2	BRD7P5	TMEM260	RASSF8	CAMKV	CHCHD3	KIAA1841	ENOX2	ELAVL3	CNGB1	INSM1	RBP7	LHX5	NACAD	GNAZ	RP11.157G21.2	CHN2	MYO6	UBE2V2P2	RP11.597K23.1	AC009977.1	RP5.828K20.1	TMEM200B	KHDRBS3	CDO1	C11ORF94	TMEM91	ZNF114	MTATP8P2	TPSG1	BP.21264C1.1	LHX2	WRAP53
Inh L1-2 VIP EXPH5 (19)	SCTR	ST18	SLC30A8	TBC1D24	OGFOD1P1	CLDN2	RP11.216N14.7	RP11.106E7.1	SLCO2A1	PGBD5	CLDN10	ODAM	RP11.21M7.2	RGMB	ACSM1	HNRNPA1P76	C1QTNF5	RASGRP1	ATG101	AC004381.8	CTD.2583A14.11	RP11.175B9.2	PDRG1	OTP	PEX5L	EBF2	CADPS	TAGLN3	RPS3AP14	VIL1	ELAVL4	TTLL7	ZNF513	POLR2D	CHKB	ACSM3	RND3	MAP2	MAGI2	ZNF558	CFTR	SLCO1A2	RIMS2	NHLH2	RP11.379B18.1	CFAP221	SCG5	MMP7	NFASC	SERPINA3	CPE	RNF26	SCG3	MOBP	LIF	NEUROD1	SLC25A14	TTR	EBF1	MYT1L	ANKS1B	ERMN	UNC80	AMER2	AGAP6	C22ORF39	HMGCLL1	OPALIN	ENPP2	NCAM1	FMN2	LRRTM4	PAK3	GCG	CNTNAP4	ASCC1	TANC2	BEX1	GAD2	PLPP1	ADAMTS16	THUMPD1	UNC79	INSM1	NRCAM	SLC7A14	CNTN2	NBEA	DYNAP	KCNJ6	KLHDC8A	MC1R	PTPRN2	RAB28	HECW1	GSTA4	RUFY3	PLEKHH1	TMEM144	AC007326.9	SFRP5	PCSK2
Inh L1-3 VIP HSPB6 (20)	CCNG2	IGFBP5	BDKRB2	PODN	MRGPRF	EFEMP2	QSOX1	COL12A1	TIMP2	CD248	IGFBP4	ADGRA2	EMILIN1	GAS6	CEMIP	EHD2	COL6A3	PDGFRB	TNFRSF11B	MICD	COL6A1	ADAM33	MYLK	MRC2	USP8P1	MXRA8	DDR2	FSTL1	MYL9	COL6A2	PAMR1	CHRM2	FBLN5	PARVA	MFGE8	ANGPTL2	HEG1	NID2	VASN	DCN	LOXL2	COL1A1	THY1	DKK3	FBLN1	C1R	LPAR1	MRVI1	EPAS1	EXT1	TWSG1	FBLN2	LAMB2	HSBP1L1	LRP1	RECK	CREB3L1	PCDHGB5	PCOLCE	C1S	PXDN	CPZ	COL16A1	PDE5A	CKAP4	RP1.34B20.4	LAMC1	GALNT5	LOXL1	TMTC1	COL1A2	FOXF1	RP11.482L11.1	LAMA4	SVEP1	TWIST2	KIAA1462	MMP2	FKBP10	STC2	LAYN	SCARF2	USP53	THSD4	HIST1H4H	HNRNPA1P72	KANK2	TRPA1	GPC1	EVC	RP13.93L13.1	ARRDC4	SERPINH1	SOD3	KIRREL	LOX	GREM1	ARHGEF17	WNT5A	TAGLN	PTRF	NTN4
Inh L1-2 VIP PTGER3 (21)	KCNH8	PARD3B	SYT10	POU3F3	KLF3P1	RP11.134E15.2	RPL7P4	IPO7P1	ZIM3	SLC26A10	MTCP1	ENPP7P2	RP11.51O6.1	IRX1	TTC3	DIO3	RTP1	GVQW2	KALRN	KB.1090H4.2	ELAVL3	SRGAP3	PEA15	NACAD	AP000568.2	CTD.2026D20.3	RPL17P17	TMTC4	CTD.3107M8.2	TUBA1A	CTD.3141N22.1	RP11.395M19.1	XPA	ADGRB3	MAGED4B	MAP2	CTNNA2	PRRC2C	KIAA0895L	FEZ1	NFASC	ELAVL4	OR2A20P	PCBP4	IRX3	ATCAY	RP5.1174J21.1	SDK1	NOVA1	CTB.159G17.3	CELF3	STMN2	NCAM1	SYT11	TUBB2B	SCN3B	DGKZP1	PTMAP5	CLASP2	SOX11	DPYSL4	SBK1	PPFIA2	GDAP1L1	LSAMP	APLP1	MOBP	GIGYF2	KIF1B	CRMP1	CHN2	DPYSL5	MAP1B	OPALIN	TCAF1	RIMS2	RPS15AP40	RPL30P5	NPAS3	ERMN	AMER2	TUBB2A	RUFY3	INA	NAGS	PHF21B	AC109829.1	AC012065.5	MLLT11	PEAK1	DDR2	SELO	XKR4	UCHL1	PEX5L	BRSK2	SRRM4	ITSN1	LY6H	ARHGAP21	ANK2	RPSAP20	TAGLN3
Inh L1-2 VIP SCML4 (22)	ABI3BP	KCNH8	LOC100506497	LTBP2	MEDAG	LOX	FBN1	DDR2	CCDC80	PRRX1	ITGBL1	FN1	CLMP	NTN4	COL6A1	LAMA4	FOXC2	KIAA1462	RCN3	FSTL1	FAM180A	ADAMTSL1	ANGPTL4	PARVA	COL6A3	EFEMP1	TTC3	EHD2	LTBP1	ADAMTS2	FRMD6	PTX3	BGN	MMP2	CAV1	CYBRD1	PDGFRB	COL6A2	MFAP5	LAMC1	SRPX2	EFEMP2	RPS6KA2	CLIC4	COL8A1	CDH11	KALRN	CRIM1	MT1E	PTGFR	TGFBR2	MXRA8	HEG1	CDH13	KANK2	NEK7	COL5A1	WISP1	SPARC	TRAM2	ELAVL3	PCDHGA12	SRGAP3	RP11.301G23.1	CTGF	PLPP3	SSC5D	ISLR	POSTN	LMO7	ROBO4	LOXL2	LOXL1	SASH1	OGN	NACAD	FGF7	TIMP2	EPAS1	GNG12	VEGFC	CTD.2026D20.3	ENG	LAMB1	NNMT	TMTC4	KCNK2	CALD1	ALDH1L2	CD248	TUBA1A	FERMT2	DAB2	ADGRB3	LAMA2	MAGED4B	LRRC32	COL16A1	TNFAIP6	MAP2	IGFBP6	CTNNA2	C1R
Inh L1-3 VIP FNDC1 (23)	KCNH8	LOC101927286	LOC101928842	TTC3	KALRN	ELAVL3	SRGAP3	NACAD	CTD.2026D20.3	TMTC4	TUBA1A	ADGRB3	MAGED4B	MAP2	CTNNA2	KIAA0895L	FEZ1	NFASC	ELAVL4	PCBP4	ATCAY	NOVA1	CTB.159G17.3	CELF3	STMN2	NCAM1	SYT11	TUBB2B	SCN3B	CLASP2	SOX11	DPYSL4	SBK1	PPFIA2	GDAP1L1	LSAMP	APLP1	MOBP	KIF1B	CRMP1	CHN2	DPYSL5	MAP1B	OPALIN	TCAF1	RIMS2	ERMN	AMER2	TUBB2A	RUFY3	INA	PHF21B	AC109829.1	MLLT11	XKR4	UCHL1	PEX5L	BRSK2	SRRM4	ITSN1	LY6H	ARHGAP21	ANK2	TAGLN3	PLEKHH1	MAP6	STOX2	TTLL7	SLCO1A2	STMN4	LRRTM2	KIF5C	ATAT1	MAST1	CELF5	CHD7	POU3F3	PLP1	ZC2HC1A	HN1	TRIM2	RTN1	FXYD6	CNTNAP4	C8ORF86	SYT1	THSD7A	ANKS1B	AGPAT4	MAB21L3	DISP3	DLG2	PGM5P2	EFS	NGRN	HMP19	TUBB3	NDRG4	DENND2A	MAGI2	SEPT4	RP11.536C10.3	RP3.403A15.5
Inh L1-3 VIP CHRNA2 (24)	EYA4	LOC105373642	PPP1R1C	OR6E1P	CTAGE6	MYPN	RPL13AP5	BNIP3P42	AC007228.8	MYOT	MYBPC1	TXLNB	RP11.434I12.5	PGAM2	MYF6	XIRP2	KRTAP5.10	NEB	ENO3	SYNM	PPP1R3A	MYL1	RP11.766F14.2	OBSCN	TRDN	RYR1	TNNC2	CACNA1S	KLHL41	CMYA5	SVIL	AL162151.3	TNNI2	DUSP26	ATP2A1	NPM1P49	CASQ1	NRAP	STAC3	PDLIM3	AMPD1	PYGM	TACC2	MBTPS2	TNNT3	SGCA	MYOZ1	FITM1	SRL	SCN4A	DHRS7C	TEAD1	RPL3L	DUSP27	CLTCL1	MYBPC2	FHL1	FBP2	SLN	C10ORF71	MYOM3	IFNA20P	MYH1	CA3	USP13	APOBEC2	LMOD2	TRIM54	DES	VSTM2A	TMOD4	KLHL31	ANKRD23	PDE4DIP	PACSIN3	AC013461.1	UNC45B	TAC4	NT5C1A	MYOM2	MYADML2	C8ORF22	TTN	CHRND	SMTNL2	LRRC39	AMOTL1	ABRA	CKM	SMCO1	LDB3	CH17.472G23.4	JPH2	KLHL40	ACTN2	TNNT1	ADSSL1	PRKAA2	RP11.12A20.7	PPP1R3C	PHKA1	DCAF6	CACNG1
Inh L2 VIP SLC6A16 (25)	KCNT2	LOC105370456	WSB1	DCC	NREP	FZD3	CBX5	MAP1B	FNBP1L	CDH2	RUFY3	CXXC4	ABI2	ZFHX4	MAP2	ADGRL3	TUBA1A	HDAC2	FEZF1	RCN2	TUBB2B	ELAVL4	MAGED4B	CSRP2	TUBB3	CRMP1	CXADR	CHD7	MPDZ	MSANTD3.TMEFF1	STOX2	BEX3	CLASP2	DPYSL5	TET1	DNAJC18	DPYSL2	SRP9	RPS15AP6	ZNF260	BLCAP	TSPAN6	SRGAP3	PTPRG	ZNF738	CNTNAP2	TCEAL7	SLC39A10	TMSB15A	PLCH1	PCBP4	ELAVL2	NKAIN4	POLI	ZNF521	GSTA4	ZFP14	EBF1	ARHGAP32	MSMO1	PCDHB2	CEP170	SLC17A6	SLC16A14	HYDIN2	PGAP1	DRAXIN	SVBP	PHF21B	TAGLN3	DPYSL4	ST8SIA2	IFT81	FSD1L	DHX36	PTBP2	KALRN	ENAH	SYT11	AGPAT4	PFN2	CHRNA3	LSAMP	MYEF2	RFX3	HMGCR	TTC3	MAP6	STMN1	TRO	SUMO2	IGFBPL1	GREB1L	CADM1	TUSC3	FGF13	ISLR2	MPP3	MLLT11	RP11.746P2.3	ADGRL2	KIF21A
Inh L1 VIP KLHDC8B (26)	ITGBL1	SLITRK4	LTBP2	FBN1	CCDC80	ITGA11	LOX	COL12A1	ADAMTS2	MFAP5	ELN	ALDH1L2	MXRA8	FSTL1	RECK	KCNK2	PARVA	CDH11	DDR2	EFEMP2	PRRX1	TMEM119	GREM1	RCN3	FAM180A	PDGFRB	NEK7	FN1	COL6A1	SLIT3	CLMP	COPZ2	FRMD6	MMP2	FBLN5	LOXL1	CD248	AC006509.7	FBLN2	LMO7	CALD1	GAS6	ADAMTSL1	VASN	RP11.38O23.4	CTGF	COL6A2	NEUROD2	TIMP2	SHOX	COL8A1	EHD2	LAMC1	LRP1	ZNF688	RPSAP48	SLC4A5	COL1A1	TBR1	COL16A1	TRAM2	CYBRD1	MFSD4BP1	SLITRK5	MRC2	GALNT5	CLIC4	COL5A1	VEGFC	BTBD7P1	IGFBP3	HTRA1	DPT	CTHRC1	PCOLCE	LRRC15	ISLR	RAB12	CEMIP	TWIST2	COL6A3	POSTN	PRRX2	FKBP9	KIAA1462	PCDHGA12	HEG1	ABI3BP	DPP6	CALU	TAGLN	NTN4	CRIM1	SSC5D	RPSAP57	WISP1	STC2	PODN	SPARC	THBS1	COL1A2	SH3PXD2A
Inh L3-5 VIP IGDCC3 (27)	EREG	NOX4	PDP1	KITLG	DUXAP7	SSFA2	CRX	AKAP12	DCBLD2	OR51B2	ARL14EPL	ZBTB3	ARHGAP42P5	RP11.44M6.3	HYPK	IL1B	WNT16	AC083899.1	PCDHB1	CXCL3	PTGS2	AREG	RP11.84O12.2	CPOX	IER3	MYO3B	GBP1P1	COPS7B	PLAUR	SLC9B1	FAM3C	AC016712.1	RP11.12A2.1	ANXA1	AMPD3	CYB5B	IL1A	KRT8P4	ZNF70	PCDHB13	SERPINB2	MTHFD2P1	WFDC8	TNF	ERRFI1	TRIM72	RPL17P26	RP11.586K12.13	PCNX2	CDKL1	CEMP1	RP11.93O17.2	MCF2L2	IRAK2	OR51B4	POLN	CEP112	SGK494	RP11.307A17.2	TRIM73	TRIB1	RPLP0P2	CXCL8	CEACAM22P	RP11.111M22.2	SPATA4	RPS6P20	HNRNPA1P54	MET	PKD1L2	PGBD4	AC156455.2	MPP7	CXCL2	ZC3H12A	RP11.1046B16.1	MOGAT3	HMGN1P14	CACNA1A	ZNF26	TCF23	USHBP1	KB.1980E6.2	NFKB1	PPM1N	AP3S1	SPATA17	CNPY2	ICAM1	MAGEB2	ZBTB8B	LRRC37A	RP5.1000K24.2	SAG	MKRN9P	RP11.278C7.1	ALG14	PPARA	ZBTB8A	FAM92A1P2	RP5.994D16.11	ZNF320
Inh L1-5 VIP SMOC1 (28)	ANGPT1	SMOC1	VIP	OR7E7P	SOX8	OLIG1	UNC79	OLIG2	C1QL1	ADCYAP1R1	PCDHGC3	BCAN	LRIG1	UBE2FP3	RPL30P13	FAM181B	CUX2	CSPG5	MCHR2	BMPR1APS2	RP3.399J4.4	GFAP	RGMA	MPL	CD34	COL20A1	KCNJ10	DCLK2	GUCY1B3	SCD5	VIPR2	TTYH1	KIAA0125P1	MSRB3	CADM4	MTSS1L	NCAN	CCDC175	PMP2	DDR1	TNR	AHCYP2	C9ORF43	SOX2	CDH20	RP11.420K14.3	ABAT	ZSWIM2	MED12L	AGGF1P1	DAAM2	KLF7P1	TCF4	CNTFR	RP11.420K14.2	TUBB8P6	AQP4	APC2	CD164	GPR17	KIAA0125P2	SOX21	NLGN2	CACNG7	METRN	FAM69C	RND2	SELP	GCSAML	MEIS1	GALNT13	CYTL1	LRP4	NDRG2	GRIK2	EFS	GPR37L1	THRA	NTRK2	GPRC5B	TCAIM	NKAIN4	SPARCL1	SYT11	NPR3	GFI1B	LCOR	OR7E117P	LIMS1	RP11.715J22.1	P2RX1	TRPC2	PLXNB3	ZCCHC24	ETNPPL	ARNT2	NLGN3	HES6	SORCS3	ATP1B2	C6ORF25	ARHGEF4	MLC1
Inh L3-5 VIP HS3ST3A1 (29)	ABI3BP	IQGAP2	SLC22A3	LTBP2	RNPEPL1	BFSP1	MEDAG	KIR2DL1	LOX	FBN1	DDR2	CCDC80	PRRX1	RAB29	PARP15	ITGBL1	FN1	MRPL23	CLMP	NTN4	COL6A1	LAMA4	TBX21	TBXAS1	FOXC2	KIAA1462	RCN3	DOCK2	UBA52P6	FSTL1	FAM180A	ADAMTSL1	ANGPTL4	PARVA	COL6A3	EFEMP1	STK10	EHD2	LTBP1	ADAMTS2	FRMD6	SYK	WIPF1	C1RL	PTX3	BGN	DOCK8	PTPRC	AC090498.1	P2RX1	MMP2	AIF1	CTSS	NCKAP1L	IKZF1	ERMARD	PNRC1	CAV1	CYBRD1	PDGFRB	COL6A2	MFAP5	LAMC1	LYN	SRPX2	EFEMP2	RPS6KA2	CLIC4	LCP2	GNA15	PIK3CG	COL8A1	CDH11	IRAK3	CRIM1	ZFP36L2	MT1E	PTGFR	TGFBR2	MXRA8	DOCK11	HEG1	NCOA4	CDH13	KANK2	NEK7	LRRFIP1	COL5A1	FLI1	WISP1	SPARC	TRAM2	PCDHGA12	TFEC	TSPAN32	ITGA4	RP11.301G23.1	ARHGDIB	ADGRE2	CTGF	PLPP3	SSC5D	ISLR
Inh L5-6 VIP COL4A3 (30)	ABI3BP	KCTD12	PARD3B	DDR2	CCDC80	FBN1	ITGBL1	ENG	TGFBR2	PARVA	LAMA4	FSTL1	KIAA1462	PDGFRB	SASH1	ADAMTS2	LAMC1	PLPP3	MFAP5	CDH11	SPARC	KANK2	CALD1	TIMP2	LAMA2	LAMB2	LTBP2	CSF1R	MEDAG	LOX	IPO7P1	CYBB	PRRX1	PLXDC2	FN1	ARHGAP31	MPEG1	SLC26A10	PSAP	FAM198B	EMILIN2	DOCK4	CLMP	TLR4	CTSS	C1QC	SLCO2B1	NTN4	COL6A1	STAB1	ENPP7P2	FOXC2	CECR1	GNS	RCN3	IRX1	ITM2B	CCR1	MS4A7	FAM180A	CD163	NPL	ADAMTSL1	FCGRT	CD4	ANGPTL4	FGL2	MAFB	LHFPL2	CMKLR1	SIRPA	CD68	SIGLEC1	SAMHD1	COL6A3	IL13RA1	EFEMP1	OGFRL1	RASSF4	EHD2	LRP1	LTBP1	FRMD6	EPB41L3	VSIG4	MAN2B1	SLC15A3	C3AR1	ASAH1	PTX3	BGN	CD14	CTSZ	MMP2	TLR8	PLEKHO2	ARHGEF11	C1QB	CD93	CAV1	CYBRD1	SCPEP1	COL6A2
Inh L1-5 VIP CD27-AS1 (31)	ANKFN1	EGFEM1P	IQGAP2	CD34	TBXAS1	DOCK2	STK10	SYK	WIPF1	AC007875.2	DOCK8	PTPRC	P2RX1	AIF1	CTSS	NCKAP1L	IKZF1	PNRC1	TTR	PCSK2	TM4SF4	LYN	GCG	LCP2	GNA15	PIK3CG	IRAK3	C1ORF61	ZFP36L2	RP11.15E1.6	PRR13P1	DOCK11	HMGB1P25	NCOA4	LRRFIP1	SPATA31D4	RPS19P3	FLI1	RP11.160N1.11	TFEC	TSPAN32	ITGA4	CRYBA2	ARHGDIB	ADGRE2	OR2T3	PSMA6P4	LCP1	NFE2	CD244	CD164	CCDC162P	AOAH	ARSH	AC109815.2	H2AFY	CD302	HSD17B11	HCLS1	FAM26F	SF3A3P2	CD84	SEPT6	CD53	GOLGA2P5	UBA7	SPAG11A	FERMT3	MBNL3	SNTB1	RAB37	CCDC33	LSM3P2	SLC12A6	MBNL1	FAM117A	INPP5D	LAPTM5	RP11.290L1.4	CCDC144CP	CYBB	MYB	ARHGEF6	CFC1	AC013264.1	BACH1	ZNF702P	CAT	PIK3AP1	TLR1	GCSAML	EFHC1	C11ORF21	DNAH9	GVINP1	KRT8P8	TLR8	STK4	MPP1	SERPINB1	SCG5	RP11.83M16.4	MRGPRX1
Inh L2-5 VIP BSPRY (32)	LOC101927078	PDE3A	ST18	CPS1	CTC.295J13.3	GLP2R	MYZAP	RYR2	NPY6R	CASQ2	PDE4D	MYOZ2	TNNI3	RGMB	SCN5A	PPP1R12B	HRC	COL25A1	MYOM2	CKMT2	OTP	PEX5L	MYBPC3	MYL3	SLC41A1	SORBS1	POPDC2	EBF2	CADPS	HSPB7	PLN	PRSS56	LDB3	TECRL	TAGLN3	SORBS2	SPHKAP	NEBL	PZP	HHATL	ELAVL4	MLIP	MYH7	TTLL7	CMYA5	NPY4R	RND3	PKP2	ADCY5	MAP2	FBXO40	MAGI2	SLCO1A2	MYOM1	RIMS2	NHLH2	LAMA2	TNNI3K	ADPRHL1	FHL2	LIFR	FABP3	FHOD3	SCG5	SIK1	KLHL31	CH17.360D5.1	NFASC	PDLIM5	CPE	BTBD3	ATP2A2	SLC25A4	SCG3	TLL1	XIRP1	MOBP	MYOM3	NEUROD1	TTR	EBF1	MYT1L	NNT	ANKS1B	LMOD2	FAM102B	ERMN	GPD1L	PRKAA2	UNC80	RABGGTB	NMRK2	SLC30A8	AMER2	SRL	MYPN	DUSP27	PXDNL	HMGCLL1	SDHA	HSPB3	OPALIN	ENPP2
Inh L2-5 VIP SOX11 (33)	ADAMTSL1	HTR2C	THSD7B	AFAP1	FBN1	LTBP2	NBPF25P	EFEMP2	LOXL1	LOX	FRMD6	ITGBL1	FN1	FSTL1	TRAM2	OLFM3	MRC2	DDR2	CCDC80	GREM1	SERPINE1	NBAS	VEGFC	FKBP10	COL6A1	MXRA8	LAMB2	RCN3	KCNK2	CLMP	LTBP1	LOXL2	PCOLCE	COL5A1	PARVA	CHRNA3	NT5E	WNT5B	EYA2	GAS6	RP3.403A15.1	COL5A2	EHD2	COL6A2	MMP2	PHOX2B	CKAP4	COL1A1	TIMP2	LAMC1	PTRF	WBSCR28	SCARF2	PRRX1	CLIC4	VIM	SSC5D	SHC1	ITGB1	CRIM1	VASN	ADAMTS2	MEOX2	COL12A1	SLIT3	MYOF	CD248	LMNA	OSR1	EVC	TAGLN	LMO7	PXDN	ITGA11	SIX1	CDH11	TRIO	IGFBP3	IGFBP6	TRPM3	COL6A3	COL16A1	ATP2B4	ABI3BP	LAMB1	RECK	PRRX2	ANTXR1	TGFBI	LGALS1	FAM180A	AC009336.19	EMILIN1	WFDC3	COPZ2	KIRREL	NEK7	CYR61	CAV1	CALU	LRP1	GALNT5	RP1.315G1.1
Inh L3-6 VIP ZIM2-AS1 (34)	CXCL14	PENK	PAQR7	CDHR5	DEFA5	DEFA6	PHGR1	MYO1A	PLA2G2A	AMN	CLCA1	BTNL3	CHP2	MOGAT2	CHAD	MEPE	DMP1	SOST	CDX1	MEP1A	PRSS35	MISP	SPINK4	EPS8L3	PDZD3	AOC1	DMBT1	CDHR2	SLC5A1	GUCA2A	DGAT1	PRAP1	ALDOB	CLRN3	TSPAN8	IBSP	REG3A	SLC6A19	CCL21	CES2	MFAP2	CCL25	SLC39A5	SDCBP2	ENTPD8	DPEP1	CDH17	LGALS4	TM4SF20	CDX2	CDC42EP5	SCN3A	OLFM4	SLC15A1	MUC13	COL10A1	SI	GPA33	KRT20	PRR15L	IGHA2	PPP1R14D	ACE	SLC7A9	GUCY2C	GRAMD4P2	FUT3	MALL	REG4	XPNPEP2	GNA11	BAIAP2L2	FABP2	ACE2	TMIGD1	DHRS11	SLC13A2	C11ORF86	ENPEP	TMEM253	TFF3	ITLN2	POF1B	KRT3	CCL15.CCL14	ADAMDEC1	BTNL8	HSD11B2	ANPEP	SEPP1	SFRP4	ACSL5	SLC10A2	LGALS7	CYP4F12	CREB3L3	MUC3A	ISX	GBA3	RBP2	APOBEC1	HHLA2
Inh L1-5 VIP PHLDB3 (35)	EGF	THSD7B	UMOD	AQP2	SLC12A1	KCNJ1	CLCNKA	SLC34A1	CDH16	SLC22A12	SLC22A6	CLCNKB	TMEM72	CYS1	SLC22A8	NAT8	NBAS	PKHD1	MIOX	CHRNA3	MST1L	EYA2	RP3.403A15.1	PHOX2B	WBSCR28	PTGER3	KCNJ16	MFSD4A	ANTXR1	WFDC3	SLC22A2	CSMD2	WDR72	MFAP3L	TUBB1	TMEM179	NPHS2	KL	TREML1	AIF1L	RGS18	RP11.578F21.9	PF4V1	SLC12A3	CHAT	PTH1R	BHMT	NOXO1	C6ORF25	TLX2	C2ORF88	RP11.1180F24.1	CABP5	SDPR	CXCR2P1	SCGB1C1	GP1BA	MAP3K7CL	CUBN	CMTM5	SCGB1C2	MYCL	NCBP2L	BEND2	SLC13A3	COBLL1	PF4	SPX	AQP10	PPBPP2	RUFY1	DDX11L1	DDX11L9	DDX11L2	NAT8B	PPBP	LIMS1	ACRBP	GATM	GP6	GP9	RANBP3L	CLEC1B	DDX11L10	GRAP2	SELP	PTCRA	PTGS1	ELOVL7	TRIM40	DAPP1	FRMD3	FAM84A	LY6G6F	UGT1A9	KIF28P	PAX2	SLC3A1	HIST1H2AC	CLVS2	SH3BGRL2	E2F6P4
Inh L1-5 VIP LINC01013 (36)	DACH2	SRGAP1	THSD7B	IBA57	CTD.2062F14.2	FEM1A	RP11.484L7.1	WDR66	TTL	NUBPL	RP5.928E24.4	ZNF493	RP11.329N22.2	ARHGEF10	COG8	RP11.24B13.2	PPARG	ATF6	GCM1	RNF122	NOVA2	VDAC1P8	RP11.354K4.1	NTNG1	RP11.154D6.2	SALL4	MFSD4BP1	MFN1	RNF165	RP11.628J14.1	PLAG1	NABP1	SYT12	PDZD7	CSF2RA	HTATSF1P1	TXN2	AC008686.1	RP11.358L22.2	GSTO2	NOG	GANC	CTD.2521M24.4	CICP27	RPS6P21	MAS1	NBAS	OSBPL6	BPNT1	FKBP9P1	ZNF578	LPAR3	HMGN1P14	SCRG1	RP11.334E6.2	CHRNA3	EYA2	FOXD2	HNRNPA1P40	RP3.403A15.1	ZNF688	YIPF4	SLITRK2	CNR2	DNAJB5P1	CRB1	PHOX2B	AC091493.1	ZBTB8A	APOPT1	EEF1A1P31	MYO15A	FZD5	WBSCR28	LYPD4	VPS53	RGS16	ZNF891	AC004386.4	ZNF557	PCDHB1	MOGAT3	PGBD4	MARCKSL1P2	LRRC74B	MEMO1	ZBTB8B	HNRNPA1P54	CHST6	CA5A	TTC17	ANTXR1	RPS3AP46	EMX2	RP11.93O17.2	FANCD2	ZNF26	WFDC3	FIS1	IL1RAPL1	LIPH	SCLY	RAB12
Inh L3-6 VIP UG0898H09 (37)	GALNT10	LINC01411	LOC105373454	MYOF	MYH9	PTRF	ITGB1	CAPN2	TPM4	FLNA	ACTN1	NDST1	LOXL2	TRAM2	ACTN4	MICAL2	LASP1	CD151	MYO1C	NT5E	WDR1	SEC61A1	CHPF2	CKAP4	FAM129B	ADAM9	KIRREL	LAMC1	TLN1	FRMD6	FBN1	EXT1	MSN	COL5A1	CRIM1	FN1	HDLBP	TIMP2	PVR	LTBP2	EHD2	PXDN	LMNA	HEG1	IGFBP4	ANKRD52	ITGA3	LOXL1	AFAP1	TGFBI	PARVA	LRP10	AMIGO2	VCL	SMAD3	GALNT2	GANAB	LRRC59	WNT5B	CAPNS1	FSTL1	ZDHHC5	ERGIC1	ITGB5	SERPINH1	SYDE1	PKM	FKBP10	SHC1	OSMR	ANXA6	GNG12	EFEMP2	SLC39A7	ITGA11	CREB3L1	LOX	MRC2	PIEZO1	MGAT4B	STC2	TNFRSF12A	EVC	GAS6	MARVELD1	PDLIM7	SERPINE1	ITGAV	P4HB	LAMB1	BCL9L	PCDHGB5	ECE1	MMP14	RAB11FIP5	AKT1	RHOC	LAMB2	KIAA0100	SZRD1	EIF4G1	MMP2	CDC42BPB
Inh L3-5 VIP TAC3 (38)	COL19A1	SOX2_OT	TSHZ2	CCDC122	CFAP69	CCDC125	INTU	ASB3	CICP27	NSA2	RPL10AP5	RPL21P3	HSPB9	ZXDC	RP11.514P8.7	MAP7D3	CORT	RPL37P1	RPL12P27	RP11.254G11.1	RPL29P2	AL023806.1	CTD.2349P21.1	RPL12P41	RPL23AP78	CSPG4P12	AC016708.2	WTIP	SPATA17	GNG7	ADAMTSL3	CBWD3	FCRL3	ZADH2	FHP1	RP11.484L7.1	AC104634.3	RAB30	RP11.30K9.1	RP11.159H3.1	RP11.346D6.4	FSIP2	POLR2J4	SLC25A45	RP11.277B15.1	FAM228B	ODF2L	RP11.264F23.1	SPATA4	RP11.730A19.5	ABCA6	ZNF445	CDKL5	KRTAP12.3	CYP3A5	RP11.173A6.2	ZNF713	ZBTB8B	GNG4	FCRL5	NOTCH4	RP11.24B13.2	KRTAP12.2	FAM50B	DENND4A	MPV17L	CHRND	KIAA1683	WDPCP	C12ORF50	FRK	IL9RP3	MTRNR2L5	RPAP2	MRPL52	EPB41L4A	ARL10	RP11.307A17.2	RP11.458F8.3	RP5.928E24.4	KIAA1328	COX7BP1	FBXO15	PCDHB1	ECHDC2	RP11.889L3.1	HELB	ALG11	CCDC169	RP11.365F18.3	CTB.167G5.6	EI24	MCF2L2	NTNG1	FRS2	BNIP3P5	C16ORF95	ZBTB20	AGO3	HNRNPA1P54	OLA1P3	PNOC	HOOK3
Inh L1-6 SST NPY (Sset Chodl) (39)	NPY	SLC30A8	SCG5	CPE	QPCT	EDN3	MTND2P32	PLCXD3	SLC25A34	PARM1	RP11.203I16.7	SCGN	MBOAT4	BNIP3P22	ENPP2	ACPP	TMED6	FAM159B	THAP12P8	GCNT4	RP11.697E2.12	KRT18P18	KLK3	RP5.1028K7.3	BMP5	C2ORF70	SSR4	CHST9	CNTN5	IAPP	LRRC36	GPR119	SCG3	ANKRD34C	DYNLT3	KCNMB2	TCP11X2	SLC45A3	PCSK2	VWA5B2	CHGB	TBC1D24	MRLN	TCP11X1	SCGB2A1	RP11.597A11.4	TGM4	RPL29P24	RFX6	G6PC2	ERO1B	SYT14	ABCC8	HMGCLL1	CACNA1B	TSPAN7	MOB1B	TUBG1P	TMEM59	OTOGL	SAR1B	RABGAP1L	HSP90AA5P	CACNB2	RP11.1217F2.9	TMPRSS2	RP11.8H2.1	INS.IGF2	TMEM176B	NEFH	TPD52	SLC4A10	TCEB3	KIAA1324	ZNF737	SYT17	TTR	C16ORF62	ZNF33B	REEP3	SNTG1	NALCN	INS	C1ORF127	MEIS2	TSPYL1	MPP6	RIN2	CNTN4	KRBOX1	SLC7A2	RRM2B	CXXC4	KLK2	SLX4IP	GPX3	CCDC67	AKAIN1	TMEM33	MIA2	PER3
Inh L3-5 SST CDH3 (40)	FREM1	NPNT	QRFPR	ERBB3	BPIFB2	MATN3	IGFBP1	GPC3	ITIH2	AHSG	RELN	HLF	ITIH3	A2M	SERPIND1	APOB	AGT	ACSS3	SEMA4G	NKD1	EML4	NOTUM	COL27A1	APOH	ASGR1	F5	PEG3	DHRS2	SERPINA11	SERPINA7	TF	SERPINF2	CFI	MST1P2	C5	CCDC183	ASGR2	UGT2B10	DUSP9	SERPINA5	ADGRG6	LGR5	TGFBR3	IGF2	ABCC2	SLC13A5	F2	APOM	RPS19P3	C2	SP5	CRLF1	FRAS1	ISM2	SMLR1	RPS6KA3	FGL1	CP	AMBP	DQX1	SOAT2	SEC23A	C4A	VWCE	RP11.290L1.4	RP11.903H12.5	PROC	C4B_2	EMP2	PIGZ	TMEM181	FMO5	ACSL4	RAB17	BMP3	RP11.404G16.2	C2ORF72	FABP1	SLC5A9	NID1	NOMO1	ATP13A4	SFTPA2	S100A2	ETV4	SLC17A9	AGER	APOA2	ODAM	SLC22A31	ALB	C3	IGDCC3	EHBP1	F11	NR0B2	FGFR4	SLC34A2	SERPINA1	IGSF1	HNMT	SNTB1	SFTPB
Inh L5 SST RPL35AP11 (41)	EDNRA	FREM1	TRHDE	NID1	DDR2	NID2	EFEMP2	FSTL1	WIF1	BPIFB2	MATN3	IGFBP1	GPC3	ITIH2	AHSG	RELN	PLXDC1	HLF	ITIH3	A2M	SERPIND1	TAS2R2P	APOB	AGT	ACSS3	SEMA4G	NKD1	MEOX2	EML4	TBX18	NOTUM	COL27A1	FZD1	APOH	ASGR1	F5	PEG3	CTB.95D12.1	TGFB2	DHRS2	SERPINA11	HIGD1B	CCDC3	SERPINA7	KCNJ8	TF	SERPINF2	CFI	MST1P2	C5	CCDC183	ASGR2	UGT2B10	DUSP9	SERPINA5	ADGRG6	LGR5	TGFBR3	IGF2	RGS5	ABCC2	SLC13A5	NR2F2	F2	MYLK	APOM	RP11.548K12.4	C2	SP5	CRLF1	FRAS1	ISM2	FGF5	SMLR1	SPOCD1	RPS6KA3	SEMA5A	FGL1	DKK3	TNFRSF19	CP	AMBP	FOXF2	SIX1	BDNF	FOXI2	AC018638.1	DQX1	SOAT2	SEC23A	C4A	VWCE	RP11.903H12.5	PROC	C4B_2	CTRC	CD248	PIGZ	TMEM181	FMO5	L3MBTL2	HEYL	ACSL4
Inh L5-6 SST ISX (42)	COL19A1	TRPM3	ZFYVE16	CICP27	RP4.700A9.1	NSA2	HTR2C	RPL10AP5	RPL21P3	STRIP2	HSPB9	ZXDC	RP11.514P8.7	CLCNKB	MAP7D3	ITGAV	MFRP	YPEL5P2	CORT	RP11.180P8.5	RPL37P1	RPL12P27	RP11.254G11.1	RPL29P2	AL023806.1	TMEM231	RLBP1	CTD.2349P21.1	AC073415.2	RPL12P41	RPL23AP78	RESP18	GRM8	AC016708.2	RASSF8	SPATA17	OLFM3	CTD.2266L18.1	GNG7	CIB4	CBWD3	FCRL3	ZADH2	AP002381.2	FHP1	SLC2A12	RP11.484L7.1	CCDC122	AC104634.3	SEPT7P1	RAB30	RP11.30K9.1	SOSTDC1	RP11.159H3.1	RP11.346D6.4	POLR2J4	MYO1H	SLC25A45	CTD.2535L24.2	RP11.277B15.1	HSD17B2	RP11.264F23.1	SPATA4	RP11.730A19.5	CLCN4	KRTAP12.3	RP11.173A6.2	SLC5A3	FCRL5	RP11.24B13.2	TRH	EIF1P6	KRTAP12.2	FAM50B	DENND4A	CHRND	C12ORF50	EEF1DP3	CCDC125	IL9RP3	CLUL1	MTRNR2L5	SLC13A4	MRPL52	RP11.458F8.3	RP5.928E24.4	FBXO15	PCDHB1	ASB3	RP11.889L3.1	SERPINF1	ALG11	CCDC169	RP11.365F18.3	CTB.167G5.6	CFAP69	EI24	RP11.567O18.1	NTNG1	FRS2	BNIP3P5	C16ORF95
Inh L5-6 PVALB SST CRHR2 (43)	HPGD	RGS5	SPON1	ITIH5	EFNB3	SULF1	L3MBTL4	HES1	TRIM7	ZNF532	SIPA1L2	CYP2G1P	HAND2	RET	RGS6	TAS2R50	RHOQP2	PLXDC1	WNT7A	RP11.123M21.2	CLRN3	PHOX2A	MOGAT2	CDH17	KRT20	KCNJ8	PRR15L	DRD1	MEP1A	TJAP1	AOC1	CLCA1	MYO1A	TMIGD1	ZG16	LGALS4	GBA3	GPA33	CDHR2	PHGR1	MALL	GUCA2A	ACSL5	CDHR5	RANBP3L	SOX2	GUCY2C	TSPAN8	BTNL3	PLS1	PRAP1	CDX2	MISP	ACE2	ENPEP	CDX1	FABP2	APOBEC1	ENTPD8	SI	PDZD3	CCDC3	CES2	NKAPL	SLC6A19	CHP2	EPCAM	C3ORF58	SDCBP2	SEPP1	MUC17	MAOA	CYP4F12	RP11.310H4.6	ISX	MTTP	ALDOB	RBP2	EDNRA	NR1H4	BTNL8	XPNPEP2	EPS8L3	FAM222A	MEP1B	AMN	SLC2A3P2	SLC5A1	TM4SF20	CHSY1	SLC39A5	HHLA2	UPK2	CPO	MUC13	SUB1P1	FABP6	NR1I2	MARCH11	C11ORF86	PTPRH	CREB3L3	DPEP1
Inh L3-5 SST OR5AH1P (44)	ADAMTS5	FBXL7	SST	PRG4	FSTL1	FBN1	CCDC80	SPARC	DDR2	PARVA	EFEMP2	PDGFRB	CD248	LAMA2	TIMP2	FBLN2	COL5A2	COL16A1	LAMC1	COL12A1	ADAMTS2	COL5A1	MXRA8	FERMT2	ANTXR1	EHD2	COL1A1	MMP2	LOXL1	PODN	MRGPRF	RECK	MFAP5	DCN	WNT2	IGF1	C1QTNF3	SCARA5	SEMA3C	PI16	PTGIS	NSF	CBLN4	MUSK	ZBTB8OSP1	OR7E28P	ISLR	ZNF763	GS1.115G20.2	ASPN	PDE4DIPP1	NFATC4	TBX15	RP4.593M8.1	EFEMP1	RBMS3	IL20RA	NEUROD1	CAMKK1	HTRA3	RBP4	CH17.472G23.1	NNMT	GPRASP2	TTC4P1	ECM2	ACKR2	LEPR	ADGRA2	ZCCHC24	C1S	LAMB2	EPS8	FKBP9	CDH13	CTD.2272G21.2	IFT80	FGF7	RP4.809F18.1	COL3A1	C11ORF52	DCHS1	PXDN	LAMA4	KANK2	RAB22A	HSD17B14	CALD1	MPDZ	MFSD4A	LIMA1	RP11.21M7.2	ARHGEF17	SLIT3	HSPB2	PRRX1	CDH11	SEPT11	RP11.631M6.3	SASH1	FAM177B	VGLL3	MAGI1
Inh L3-5 SST GGTLC3 (45)	EYS	RELN	ITIH2	GPC3	APOB	BPIFB2	AHSG	HLF	IGFBP1	AGT	SERPIND1	SEMA4G	MATN3	APOH	F5	DHRS2	SPATA6L	SERPINF2	TF	ITIH3	A2M	ASGR2	COL27A1	DUSP9	C5	ASGR1	SERPINA7	NOTUM	PEG3	UGT2B10	CFI	SMLR1	SERPINA5	ABCC2	F2	SERPINA11	MST1P2	FGL1	CFAP69	HTN1	NKD1	SLC13A5	AMBP	ASB3	HYKK	FREM1	C2	UBA52P5	C7ORF77	FAM228B	CCDC122	AC017081.1	AC017081.3	ACSL4	APOM	SEC23A	CP	ACSS3	POTEKP	NOMO1	GSG1	FRK	RPS6KA3	RP11.153M7.3	CRLF1	TMEM212	KCNV1	INTU	C4A	C2ORF72	PROC	AP002962.1	TIGD1	C12ORF50	ACTG1P12	AC109486.1	CCDC183	SLC22A31	TPH2	AL023806.1	CLN5	EML4	OLA1P3	TMEM182	CTD.2651B20.5	PCDHA4	TMEM181	ATP10B	ASPA	IGF2	DQX1	NXNL2	CCDC169	FBXO15	IKBKAP	CCDC125	WTIP	ADGRG6	POTEC	AL023875.1	PIGZ	ADAMTSL3
Inh L2-3 SST NMU (46)	HPSE2	NOS1	PIEZO2	TRIM69	TLCD2	FAM149A	SMG1P3	KRT18P34	TBC1D13	CH17.39B16.5	EDEM1	PPP2R3B	SH3GL3	GOLGA2P7	SNX8	GUSBP6	PRR16	WTIP	ZNF536	AC025263.3	SMG1P1	GUSBP8	DISP1	KCNJ18	ZFAND3	OPRD1	SLC52A1	ABHD16B	LRRC37A14P	AP4S1	KLHL33	RP11.341D18.5	ZBTB8B	GS1.124K5.12	OR13I1P	FAM74A4	RP11.809N15.3	CA5A	KCNA7	DAPK2	MPV17L	TCF23	RPL3L	C9ORF3	SUMF1	RP11.307A17.2	LRRC2	TTC7B	PYGM	USHBP1	DISP2	RP11.687F6.4	SLC36A2	GUSBP1	ANKRD30BL	KBTBD12	MCF2L2	ADSSL1	TMEM38A	RPS6KA5	ASB11	DENND2C	ZNF81	ART3	GPATCH2L	KRT18P52	CPSF1P1	DLK1	MYOZ1	TSPAN10	COX18	ANKRD23	CACNA1S	TMOD4	EBLN1	MYOZ3	CASQ1	RILPL1	ASPA	C10ORF71	IKZF2	MSS51	AMPD1	OLA1P3	FAM221A	ZNF713	MYOT	MFSD13A	RP11.153M7.3	BCL2L10	UBXN2A	BMP8B	RP5.1000K24.2	CATSPERG	HCAR1	ZNF506	PDLIM3	ACOT11	C5AR2	NT5C1A	DNAH14	CYB5RL	PPP5D1
Inh L5-6 SST PAWR (47)	EPB41L4A	NDST4	TRHDE	RAB40AL	HMGN1P24	MMP21	AC092835.2	CRYBA1	ASTN2	RPAP2	OR2A1	ADAMTSL3	FRK	TAS2R2P	INTU	MIPOL1	FSIP2	ATP9B	TMEM212	FAM228B	REXO1L1P	CCDC122	KIAA1328	C4ORF32	IGSF11	TMEM182	CTB.95D12.1	HTN1	ZNF300P1	AL023806.1	WTIP	UBE3D	ACOT11	BLOC1S6	CFAP69	REV1	ZNF585A	C12ORF50	ASB3	KCNH7	ODF2L	NEDD4	RP11.536C10.3	WDPCP	OLA1P3	SAE1	CLN5	ATXN3	MYLK3	SULT1B1	CCDC125	TMEM45A	SPATA6L	SHISA9	FBXO15	ZNF471	ZNF670.ZNF695	C2ORF91	AP002962.1	PCDHA4	TIGD1	MYLK	RP11.307A17.2	FERP1	MCF2L2	AKR1B15	RAD51B	SPTLC3	CCDC30	FAM179A	CYSLTR1	C12ORF45	SFT2D2	FGF5	CFAP54	PGM5P2	RASEF	CDKL5	ZBTB8B	CCDC169	KCNV1	C12ORF65	JAK1	ZSCAN30	ERVW.1	SPOCD1	KPNA5	SRD5A1	DKK3	CTC.535M15.1	TEX9	FTO	GSTO2	INO80C	MORC4	FGF13	BDNF	RP11.455G16.1	FOXI2	ZNF19	AC018638.1	ADAM32	HELB
Inh L5-6 SST PIK3CD (48)	KLHL14	LOC100996671	FCRL2	GPC3	IGFBP1	BPIFB2	AHSG	ITIH2	MATN3	TDRD15	PFDN6	APOB	FCRL1	BLK	SEMA4G	RELN	RALGPS2	DUSP9	SERPIND1	HLF	AGT	TP53AIP1	DHRS2	FAM129C	ASGR1	SERPINF2	APOH	ITIH3	ASGR2	SLC13A5	RP11.543P15.1	APOM	F5	MAN1A2	XCR1	MST1P2	TF	CD19	FRAS1	KIAA0226L	SERPINA5	SERPINA7	A2M	IKBKAP	PAX5	C5	SERPINA11	PEG3	NOTUM	ST6GAL1	CIDEB	FBN2	EML4	F2	SMLR1	CCDC183	FREM1	UGT2B10	COL27A1	FOXN4	AMBP	MBNL3	RPS6KA3	RP11.1110J8.1	ABCC2	ACSS3	CP	CFI	NKD1	C2	SP5	SEC23A	SLC2A3P1	FGL1	PLEKHA2	PROC	GPT2	TMEM181	FCRLA	CRLF1	MS4A1	COL26A1	RPS27P25	LGR5	NINL	SOAT2	RP11.404G16.2	DQX1	KHNYN	ETV4	SMG1P7	P2RX5	CRYAA	ISM2	SERPINA1	APOA2	C2ORF72	HLA.DOB	C4A	FGFR4	SLC39A14	SLC22A31
Inh L1-2 SST CCNJL (49)	CALB1	SPHKAP	TMEM132C	CACNA1G	ALDOC	CA8	PCP4	PCP2	PVALB	GNG13	ITPR1	GRID2	TRPC3	KCTD8	PTPRR	KCNIP4	RYR2	PLPPR4	KCNAB1	SPINK6	PLN	NEBL	CNTN3	PRKCG	GABRA1	GABRG2	MYZAP	MYOZ2	HSPB7	BTBD8	ADCY5	POPDC2	SNCG	TECRL	MYBPC3	CTNNA3	MYL3	SMYD1	CASQ2	FHOD3	SLC1A6	LDB3	MYOM1	NPY6R	TNNI3	PPP1R12B	TNNI3K	SORBS2	SCN5A	FAM21A	PKP2	HRC	RP11.415I12.2	GRM1	AGTR2	KLHL1	UNC45B	SLC25A4	ELMOD1	NRK	GPR63	MYH7	RGS8	SYNPO2L	CHRNA3	MYOM2	FABP3	C11ORF87	CA7	SLC41A1	ABLIM1	ARHGAP26	MLIP	SEPW1	CKMT2	ATL2	HHATL	CSRP3	LINGO4	RBM24	TNNT2	SORBS1	ACTN2	FHL2	HTR5A	PPFIA4	ADPRHL1	LRRC10	ALPK2	ATP2A2	SKOR1	CORIN	YWHAH	HCN1	CACNA1C	NDRG4	DGKH	SLC24A2	SLC4A3	FBXO40	MYH6	SLC8A1	LAMA2
Inh L1-3 SST FAM20A (50)	PCSK5	TAC1	ODF2L	PRR26	NKAIN2	SLC17A8	RP11.474L23.3	LVRN	AP000857.2	RP11.565J7.1	FRK	C12ORF45	INTU	RPAP2	GGT8P	FBXO15	C12ORF50	TATDN1P1	CCDC122	C4ORF32	ATXN3	KIAA1328	CFAP69	AIMP1P1	ROCK1P1	MIPOL1	ERVW.1	FAM228B	AL023806.1	SHISA9	CLN5	KYNU	CCDC125	AC009299.4	WTIP	REXO1L1P	C12ORF65	ZNF471	B4GALNT2	ASB3	TMEM212	ADAMTSL3	CCDC169	SPTLC3	HTN1	ZNF670.ZNF695	HEPN1	ASTN2	ADAM32	BLOC1S6	TIGD1	NIN	KIAA1161	MORC4	CYB5R4	WDPCP	BNIP3P4	TBCAP2	MYLK3	SULT1B1	HTR1DP1	ACOT11	NEDD4	AP002962.1	RP11.536C10.3	NWD2	TTC7B	AC008072.1	SLC16A14	KCNV1	XRCC2	FSIP2	NXNL2	CYB5RL	FOXD4L5	APOL4	TMEM45A	SRD5A1	IGFL4	TPH2	TMEM182	SLCO1B7	ATP9B	CES5A	FCRL5	C2ORF91	RND3	TEX9	SPATA6L	HELB	INO80C	ZNF37A	TVP23CP2	BEST3	CAPS2	DSEL	PPIAL4G	AKR1B15	DYNAP	TCAF2	ZSCAN30	ZNF84
Inh L1-2 SST PRRT4 (51)	LOC101927843	LOC101929028
Inh L5-6 SST BEAN1 (52)	ADAMTSL1	SEMA5A	THSD7B	TRHDE	DDR2	EFEMP2	PARVA	FSTL1	FRMD6	CLMP	CD248	COL12A1	KANK2	FBN1	CDH11	LOX	GREM1	GAS6	FN1	LOXL2	VEGFC	EHD2	CCDC80	MXRA8	CRIM1	CKAP4	COL6A1	WNT5B	PTRF	LAMC1	LAMA4	PXDN	ATP2B4	COL5A1	GALNT5	COL6A3	ITGB1	PRRX1	COL1A1	ADAMTS2	TIMP2	SCARF2	MYLK	SLIT3	RECK	ITGA11	LMO7	CALU	ADGRA2	KIRREL	COL16A1	FOXL1	NID2	AFAP1	SEPT11	LTBP2	LOXL1	ITGBL1	TRAM2	MRC2	TAS2R2P	PLXDC1	SERPINE1	NBAS	FKBP10	LAMB2	RCN3	KCNK2	LTBP1	PCOLCE	CTB.95D12.1	CHRNA3	NT5E	EYA2	RP3.403A15.1	COL5A2	COL6A2	MMP2	PHOX2B	WBSCR28	CLIC4	VIM	SSC5D	SHC1	APOLD1	VASN	MEOX2	ITGA1	MYOF	LMNA	OSR1	EVC	TAGLN	SIX1	TRIO	IGFBP3	ABCC9	IGFBP6	PDGFRB	FGF5	ABI3BP	LAMB1	PRRX2	ANTXR1
Inh L5-6 SST DNAJC14 (53)	HGF	ITGA1	STON2	PDGFRB	COL6A3	LAMA4	MYLK	KIAA1462	DDR2	LAMC1	FOXL1	PXDN	ADGRA2	C1S	IGKV3D.15	DLC1	RASL12	NID1	CCDC3	PLXDC1	SLC38A11	IGKV3.15	BEND2	HEYL	C6ORF25	SEMA5A	GTF2F2P1	TUBB1	CALD1	RGS18	COL4A1	GP6	C2ORF88	TLK1	CABP5	TRPC6	SH3BGRL2	TREML1	CXCR2P1	RP11.1180F24.1	TMEM40	MAP3K7CL	PEAR1	PPBPP2	PF4V1	OR4F3	RP11.578F21.9	SLFN14	SCGB1C1	GSTA6P	GP1BA	SPARC	DDX11L1	COL4A2	RP11.631M21.7	DDX11L10	SELP	DDX11L9	PTP4A2P2	EMCN	WHAMMP2	GPER1	SDPR	SCGB1C2	FILIP1L	GLYATL1P1	PPBP	PF4	ACRBP	NAT8B	COL15A1	DDX11L2	NCBP2L	LPP	IGFBP7	EIF4E	TNS1	KIF28P	E2F6P4	TRIM40	MCAM	CLEC1B	LAMB1	CMTM5	SPX	SRSF6	PARVA	RUFY1	SET	PDE8A	BARD1	LIMS1	A2M	RGS5	SEMA6D	EDNRA	AQP10	NT5C3A	LY6G6F	ADAMTS2	ITIH5	MFAP3L	CASP2
Inh L5-6 SST C4orf26 (54)	ADAMTS20	PENK	SPON1	SULF1	EFNB3	L3MBTL4	HES1	TRIM7	ZNF532	SIPA1L2	ASS1P5	GCNT6	CICP19	ZNF562	RP11.747H7.1	CDC42EP3P1	MMP20	RP11.1148O4.1	MAN1A2P1	RP11.420J11.1	CYP2G1P	OFD1P17	RP4.738P11.4	TUBB8P1	DUXAP1	MARK2P8	PPP1R8P1	TMCC3	AWAT1	VWC2	CICP6	AC073135.8	RBM17P2	CKBP1	GABRA6	RP11.298A10.1	CEP78	COX4I1P1	SGCD	RGS6	RP11.641C17.4	TAS2R50	CNGA1	RP11.487I5.4	OPN5	AC005758.1	CTD.2012B7.1	RHOQP2	FBXO47	WNT7A	RP11.123M21.2	LGI1	RP11.479F13.1	SLC26A5	RP1.102G20.4	SPHK2	RP11.478H16.1	AC007679.4	RP11.206P5.2	CTD.3233P19.8	RPS4XP21	SSX6	ACER2	RPS15AP36	DRD1	TJAP1	RP11.351O1.4	AEN	RANBP3L	SOX2	VAX1	SDHDP6	NKAPL	C3ORF58	ZNF969P	GDPD3	OVOL3	RP11.310H4.6	B3GNT5	CTD.2353N24.1	TFAMP1	R3HDM2P2	SLC2A3P2	CHSY1	PRSS35	SUB1P1	MTCYBP21	CCDC144A	CTD.2372A4.1	ENPP7P14	ZSCAN22	CDC27P1	RPS20P4	RP11.345I18.4	TDRD5	PIWIL2	CBX3P9	CDC27	SORCS1	MFAP2	CYP4F22	RP11.346J10.2	TNN
Inh L5-6 SST FBN2 (55)	HCRTR2	KLHL1	KRT222	CHL1	ATL1	NOVA1	XKR4	REEP1	TUBB2A	ALDOC	PCP2	PVALB	PCP4	GNG13	CA8	CALB1	KCNIP4	RP11.517P14.7	GRID2	ITPR1	TRPC3	AC004945.1	PTPRR	DNER	PLPPR4	NTM	OR9N1P	KCTD8	GABRG2	SCAND3P1	BTBD8	KCNAB1	NSG1	ELMOD1	KRASP1	CNTN3	SPINK6	RGS8	LDHAL6B	GABRA1	ROBO2	LPCAT4	PRKCG	DIRC3	PSD2	RP11.172F4.2	SNCG	PCDH8	RP11.277I20.3	HMP19	PBX1	SLC1A6	SCN3A	CTD.2575K13.6	GRM1	FABP7P1	NCAM1	HTR1B	CXCL12	RP11.382J24.2	BASP1	KIF3A	RP11.673D15.8	RAC1P4	ZNF385D	EBF1	GRIK1	MAP2	GABARAPL2	RCC2P6	TAS2R43	KIDINS220	SPOCK3	PCDHA6	STMN4	CACNA1G	RGMB	INA	CALM1P2	SV2C	GPR137C	FAM21A	SLC24A2	SOX14	TUBB2B	GNG3	GPR63	MARK1	GRIA2	ZC4H2	C11ORF87	RTN1	DYRK1A	HMGB1P27	SCN2A	STMN2	RUFY3	EBF2	PGM2L1	PKIA	LRRC37A2	ACTR6
Inh L5-6 SST KLHL1 (56)	KLHL14	NDST4	SLC17A8	TAC1	RAB40AL	HMGN1P24	PRR26	MMP21	AC092835.2	CRYBA1	NKAIN2	OR2A1	IGSF11	RP11.565J7.1	ZNF300P1	RP11.474L23.3	UBE3D	REV1	ZNF585A	KCNH7	LVRN	AP000857.2	SAE1	FERP1	RAD51B	GGT8P	TATDN1P1	AIMP1P1	JAK1	FCRL2	CTC.535M15.1	VPS16	CNTNAP3P1	AGO1	CNTNAP3P5	GPC3	SAP130	IGFBP1	RND3	BPIFB2	AHSG	ITIH2	MATN3	TDRD15	RP4.734P14.4	SUGT1P	TBCAP2	ZNF33A	RP11.406H23.5	TRIM27	PFDN6	HTR1DP1	SLCO1B7	CDC20P1	OR7A5	APOB	FKBP4P1	FCRL1	BLK	BNIP3P4	SEMA4G	RP11.382D8.3	RPL23AP63	RELN	NWD2	RALGPS2	DUSP9	TRIM2	SERPIND1	NIN	ZNF84	ETNK1	SOX5	HLF	SLC16A14	PI15	AGT	TP53AIP1	DHRS2	ZRANB3	CEP97	PPIL6	DSEL	FAM129C	ASGR1	ZNF74	GLYATL1P2	SERPINF2	NME9	APOH	SUMO2P10	SLC30A9	ITIH3	ASGR2	CTD.2587H24.1	HNRNPA1P15	WDR59	RP11.231N9.1	SLC13A5	TVP23CP2	RP11.543P15.1	APOM	AC006116.27
Inh L6 SST TH (57)	LOC100128108	TH	SLC6A3	CTXN3	SV2C	CCDC85A	PBX1	SLC18A2	RAB3C	SYNGR3	CELF4	GPR26	RP11.352E6.2	TNRC6B	SMIM10L2B	MRPS21P3	GNG3	GPR62	COPG2	GAP43	MTRNR2L3	PCDHA13	MAP7D2	PGM2L1	TUB	ATP6V0E2	ATP13A2	CHRNA4	AL354828.1	STMN2	CHRNA6	FGF13	HMP19	DNAJC6	KCNS2	TMEM35A	SCN2A	KLC1	PAK3	SLC10A4	RIMS2	RP11.546M4.1	SLC22A14	NAP1L2	RALYL	RPSAP51	C5ORF63	DNER	ZNF428	NCAM1	SLITRK4	ZCCHC12	GALNTL6	BTBD11	ZFHX4	SMUG1	CDIP1	RPS20P33	GRID1	TMEM255A	RP11.486A14.1	ELAVL2	ZAR1	CTNND2	CDH8	DDC	POM121L8P	STMN4	RAB40B	RIMKLA	SYNJ1	GALNT11	CSRNP3	RTN1	ACTL6B	CAMK2N2	KLHL1	KRT24	SLITRK5	UCHL1	CHRNB3	TPST1	SYT1	LCORL	ARMC10	RUFY3	NDRG4	SCN3A	QDPR	RCAN2	PNMA3	ANKRD34C	NETO2	ENO2	CCNI	SV2A	ATOX1	AC255093.2	RTN4	BUB3	MAPT	TUBA1A
Inh L5-6 PVALB KCNIP2 (58)	GPC5	NPFFR2	VAV3	GPR151	RP4.559A3.7	TMEFF2	ZNF736	OVCH1	RP11.420A21.1	ASCL4	CTD.2623N2.3	ZNF781	RP11.90O23.1	RP11.133L14.2	RP11.383G10.1	HTR4	ARSEP1	GS1.124K5.7	C1ORF61	ZNF37CP	SPARCL1	SNAPC5P1	FGD6	RP11.700F16.2	BUD13P1	FREM3	RP11.252A24.8	H2AFZ	HERC2P7	FAM13A	GNA13	CLPSL2	APOL6	CYP4Z2P	C19ORF67	RPL21P13	HPSE	OTUD7B	TRPS1	MAP3K1	IQGAP2	MED13L	NANOG	VAT1L	DOCK8	TDGF1P3	NCKAP1L	IRAK3	DOCK2	AC060834.2	ELF1	PTPRE	AIM1	MTND1P3	TNFSF10	CTC.360J11.4	NKX1.2	ALPK1	CBX3P4	CYP4Z1	RP11.106M3.5	PLEKHF2	HMGB1	SUPT20HL2	TPK1	MICALCL	MRS2	AK4	CASP3	SLC12A6	CFAP77	SYK	NPM1	KPNA7	ZNF840P	SYCP2	FAM185BP	FLI1	SULT1B1	NLRP9	HTN3	ACCSL	CTB.147C22.3	ZNF844	FCRL5	GPR160	RPL21P122	HACD4	LRRFIP1	TUBB7P	NLRP4	ETV6	L3MBTL3	POTEC	RUNX1	TET2	LYN	MORF4L1	TTLL13P	TMEM154	SUMO1	NAE1	RP3.454G6.2
Inh L5-6 PVALB ZFPM2-AS1 (59)	PCDH15	SEMA6D	ZFPM2_AS1	ADGRB3	MMP16	GRIA2	PTPRD	NOVA1	NRXN1	SNTG1	TRIB2	LSAMP	OR4F3	MACROD2	RP11.631M21.7	KCND2	DLC1	SLC35F1	SHC3	RFTN2	LUZP2	ZPBP	IL1RAP	GTF2F2P1	CTD.3105H18.4	KB.1396H2.2	SLC38A11	C3ORF70	RP3.525L6.2	GPR158	RASL12	DISP2	RP4.800M22.4	FEM1B	CTB.51E13.1	CCDC88A	ANKRD20A5P	CTAGE15	EMCN	RP11.654E17.2	GPER1	PPFIA2	PCDH17	C14ORF28	GAB2	PMP2	TNR	ITGA1	ABCB9	HYKK	TEN1.CDK3	FAM13C	WDFY3	TPTEP1	AP000654.5	SCAI	CEP170	NCAM1	OMG	KALRN	MAP2	PEAR1	RP11.305O4.2	NLRP14	SCD5	CTNND2	LRRTM4	CDK2AP2P2	APC	CBWD1	NINL	PLEKHH2	NEK1	PRDM10	OLIG1	RUFY3	ZNF836	SGCE	LRRC34	NREP	PDE7B	SULT1C2P1	PFN1P2	NRCAM	ZFHX4	RICTOR	PTPN4	PDE8B	MLLT11	ENOX1	KIF1B	MYT1L	ZSCAN30	NKAIN2	ETV1	RP11.141C7.2	VPS35	JAG1	AP002962.1	RUBCN	ANKRD20A3	UBE2B	CRMP1
Inh L3-5 PVALB ISG20 (60)	LOC101926942	LOC105377862	SV2C	SLC6A3	CTXN3	TH	CCDC85A	SLC18A2	SYNGR3	GPR26	RP11.352E6.2	MAP7D2	MTRNR2L3	MRPS21P3	KCNS2	RAB3C	DNAJC6	TMEM255A	GPR62	SNCG	C5ORF63	SYNJ1	FGF13	ATP13A2	SCN2A	SLITRK5	SLC1A6	SLC22A14	NAP1L2	RIMS2	KCNIP4	BTBD11	ANKRD34C	DPP6	ATP6V0E2	KLHL1	DNER	CADPS	PVALB	PCP4	ALDOC	PNMA3	PCP2	QDPR	RPS20P33	GNG13	CDH8	ZAR1	CA8	KCTD8	CDIP1	YIPF4	BTBD8	SYT1	PNMAL2	CELF4	RP11.486A14.1	CHRNA4	RAB40B	CTXN2	PABPC1L2B	PCDHA13	SLITRK4	PRKCG	GALNT11	GABRG2	PLPPR4	ITPR1	KCNC4	GNB5	CALB1	SAMD12	LONRF2	RP5.966M1.7	KCNN3	KSR2	NEFH	TPST1	FAM155A	RIMKLA	GABRA1	GRID2	PTPRR	GNG3	TRPC3	B3GAT2	NKAPL	NDRG4	CAMK2N2	ELMOD1	LL0XNC01.16G2.1	HCN1	PDZD7	CACNB4	ACSL6	GPRASP1	CACNA1G	B4GALT6	DPRXP3	GABRA4	DYNC1I1	CDS2	RGS8
Inh L5 PVALB LRIG3 (61)	CDH6	GPC5	PLCE1	SHOX	ZNF26	FOXP1	ABCC9	PCDHB1	SPATA17	SAG	GPR151	TM4SF4	ARFGEF3	RP4.559A3.7	TMEFF2	CRYBA2	PAPPA2	TMEM236	PPARA	HNRNPA1P54	CHGB	LMOD3	GCG	TTC28	ME2	BTBD7P1	ARSEP1	ENAH	GLOD5	C1ORF61	SCGN	SPARCL1	SLC7A14	MARVELD2	OCLN	BUD13P1	CACNA1D	TUNAR	SLC35G1	TPH1	MTMR7	LOXL4	GDPGP1	CYSTM1	CFC1	TTR	HKR1	RP4.569D19.5	RP11.466G12.2	RANP5	NEGR1	KIAA1324	NEUROD1	POMGNT1	CMB9.22P13.1	THAP5	ZNF543	RIN2	UFM1	ST8SIA1	ANO4	MTND1P3	CSRP2	FBXO6	RP11.399E6.2	CBX3P4	RP11.106M3.5	DDAH1	PCSK2	CPE	GPR142	NFIB	ZNF808	RPSAP48	ETFDH	SCG5	AC000041.10	ZNF397	RP11.464D20.2	AC009474.2	MYBPHL	NIFK	RP11.44M6.3	SEMA5A	NDUFV3	OLFML2A	GPX3	MAP1B	RPS12P18	LIPH	TMED4	ZBTB20	MPV17L	TAB1	MARCKS	NAA20	TIAL1	SPATA4	TRPC4	ZNF70	RFX6	CALD1	FAM60DP
Inh L2-5 PVALB HHIPL1 (62)	ADAMTS17	ADAMTS20	MDFIC	ASS1P5	GCNT6	CICP19	ZNF562	RP11.747H7.1	CDC42EP3P1	MMP20	RP11.1148O4.1	MAN1A2P1	RP11.420J11.1	OFD1P17	RP4.738P11.4	TUBB8P1	DUXAP1	SPATA31A1	MARK2P8	RP11.98J23.1	PPP1R8P1	RP11.384K6.6	TMCC3	AWAT1	VWC2	C21ORF140	CICP6	AC073135.8	U51561.1	RBM17P2	AKAP4	CKBP1	GABRA6	TRIM42	SPATA31C2	RP11.298A10.1	C7ORF34	RGS22	CEP78	COX4I1P1	GTF2IP12	SPATA31A3	HSFY1P1	IGSF23	GTSF1L	SPATA31C1	RP11.266L9.3	CABS1	SGCD	SOX30	HMGB4	RP11.641C17.4	FSCB	TXNDC2	RNF148	PRM1	C2ORF78	RP11.527L4.9	CNGA1	KIF2B	RP11.487I5.4	OPN5	RP11.1379J22.7	DUSP21	TPD52L3	AC005758.1	CTD.2012B7.1	CTC.441N14.4	LRRC37A6P	SPATA31D5P	CCDC168	RP11.798K23.3	CRISP2	SPATA31A5	TPPP2	PRM2	CALR3	DRICH1	RP11.360D2.1	OR7E104P	SPATA31D1	TCP11	FBXO47	ODF1	TMCO2	LRRC74A	AC130709.1	SPPL2C	CCDC54	CTAGE1	RNF133	TBC1D3F	UBE2U	FAM71B	CAPZA3	C20ORF173	RP11.249L12.1	SRRM5	RP13.254B10.1	C3ORF30	FAM71C	CTA.246H3.8	C2ORF57
Inh L2-5 PVALB RPH3AL (63)	ARHGAP42	MYO5B	POSTN	WIF1	EDNRA	TGFB2	COL5A1	COL5A2	FERMT2	COL16A1	ADAMTSL1	ADAMTS9	MEOX2	EPCAM	MYH14	CLDN7	CDH1	ITGA11	PLS1	CGN	B3GNT3	POF1B	ST14	PRR15L	MISP	KLF5	MYO1D	FZD1	CDH11	FBN1	CCDC141	MALL	CDH17	SIX1	ELF3	SPINT1	CLRN3	RAB25	SPARC	TJP3	KRT20	FUT3	TSPAN8	POU4F2	TMEM54	PTPN13	CLDN4	ARHGEF5	GUCY2C	PRSS8	TMEM133	KIAA1522	SDCBP2	PRR15	CTNND1	LAD1	GPA33	LGALS4	BAIAP2L1	DSG2	MUC13	ADAMTS2	CLCA1	ATP8B1	SLC44A4	TMTC2	EPB41L4B	MYOCD	MYO1A	FAM3D	DGKI	ITGBL1	USH1C	CCDC80	EPS8L3	EHF	AOC1	CDHR2	CALD1	FN1	FXYD3	MOGAT2	MST1R	ERBB3	ARHGEF16	CDX2	MEP1A	COL3A1	FSTL1	HHLA2	ENTPD8	TNFRSF19	FCGBP	PTPRH	ST6GALNAC1	ZG16	CES2	GALNT3	C1ORF106	NTN4	GRHL2	COL1A1	IRF6	SLC5A1
Inh L3 PVALB SAMD13 (64)	LOC101928964	SULF1	SPON1	HES1	TAS2R50	RHOQP2	RP11.123M21.2	ZNF532	RANBP3L	CHSY1	FSTL1	NKAPL	COL12A1	LOX	CTGF	WNT5A	FBN1	RGS6	CEMIP	ITGBL1	PYGO1	ADAMTS2	COL1A1	CCDC80	EFEMP2	PARVA	DDR2	SSC5D	CALD1	PDGFRB	DCHS2	CDH11	MXRA8	TWIST2	NTN1	LTBP2	ITGA11	ADGRA2	RECK	COL5A1	FRMD6	IGFBP3	MRC2	SPARC	ANTXR1	COL1A2	PRRX1	PODN	COL16A1	MXRA5	CD248	ADAM33	GREM1	TIMP2	MMP2	ALDH1L2	VASN	RAB6C.AS1	NEK7	HEG1	CLMP	MKX	EFNB3	FBLN5	THBS2	PSG5	LAMA4	NTN4	LOXL2	FBLN2	SLIT2	ELN	LOXL1	SOX2	RCN3	TAGLN	COPZ2	PRRX2	COL5A2	CKAP4	LAMC1	IGFBP6	POSTN	SLIT3	THBS1	ISLR	PCOLCE	ZNF402P	LAMB2	FN1	C3ORF58	EVC	TNFRSF11B	MYL9	LRP1	MRGPRF	GPX8	COL8A1	FKBP9	CREB3L1	EHD2	SERPINH1
Inh L1-2 PVALB CDK20 (65)	ADAMTS12	SYT10	TMEM132C	COL1A2	RPL37A	CFDP1	KLF3P1	FSTL1	PXDN	COL5A1	LAMC1	FBN1	LOXL2	SPARC	SERPINH1	RP11.134E15.2	FN1	COL5A2	ITGB1	RPL7P4	CKAP4	CALU	CDH11	EXT1	NID2	PARVA	FRMD6	ITGA11	LAMB1	TAGLN	CALD1	KIRREL	HEG1	LOXL1	COL4A2	ZIM3	TRAM2	COL1A1	GPX8	INHBA	RAI14	EFEMP2	CLIC4	ADAMTS2	CTGF	MTCP1	AFAP1	AKAP2	CHSY3	TPM4	FKBP10	CCDC80	MICAL2	COL3A1	COL6A3	LOX	ACTN1	RP11.51O6.1	PDGFRB	EHD2	MRC2	SRPX2	MYOF	TGFB2	IGFBP7	FERMT2	COL6A1	NDST1	MYL9	ARSJ	PLOD1	SYDE1	PLOD2	SEPT11	EVC	MMP2	VCL	DDR2	PTRF	BMP1	ADAM9	NGF	CREB3L1	CRIM1	TEAD1	COL12A1	CTHRC1	GALNT10	LTBP1	WNT5B	DIO3	TIMP2	BDNF	MMP14	COL11A1	LAMB2	NTN4	GNG12	RTP1	LTBP2	NBEAL1	CHCHD3	CD248
Inh L2 PVALB FRZB (66)	CBLN4	RGS5	SLC9A9	HAND2	NSF	CAMKK1	CAMK2A	RET	CHN1	FBXL16	SYN2	CCK	VSNL1	ATP2B2	MFSD4A	SLC12A5	SLC17A7	PLXDC1	FAM163B	PPP2R2C	PACSIN1	GABBR2	SNAP25	SV2B	RBFOX1	DLGAP1	KCNJ4	SYP	NPTXR	PHOX2A	NGEF	KCNJ9	GABRA1	PNMAL2	NRGN	CHRM1	RPH3A	GRIN1	DLG4	NCDN	KCNJ8	NAPB	KIF5A	AGAP2	PHYHIP	KCNH3	PSD	AK5	CALM3	NCS1	OLFM1	CPNE6	HPCAL4	DNAJC6	YWHAH	FAIM2	KCNS1	DDN	IDS	SNAP91	SLC8A2	PRKAR1B	NAT8L	CALM1	LYNX1	PCDHGC5	RIMS3	ENC1	DNM1	CACNG3	TMOD2	PHF24	TMEM151B	STX1B	CAMK2N1	CREG2	SULT4A1	CPLX2	SLC6A17	TPPP	GABRG2	JPH3	RAB3A	HPCA	CA10	KCNA2	GRIN2A	ADGRB2	CCDC3	SEPT5	CA11	BRSK1	SNCB	GABRD	RAB6B	LOC100421166	GNAO1	OR7E28P	SPTBN4	SYN1	NPTX1	RASGRF1	PDZD4
Inh L1-2 SST CLIC6 (67)	ARHGAP42	NEDD4	TAC1	ODF2L	PRR26	MIPOL1	TMEM45A	NKAIN2	RPAP2	C4ORF32	FRK	ADAMTSL3	MORC4	BLOC1S6	ASTN2	CYSLTR1	WDPCP	TMEM212	KIAA1328	SFT2D2	SULT1B1	FSIP2	FTO	ATP9B	SHISA9	C12ORF45	CFAP54	INTU	CCDC122	SLC17A8	ASB3	FAM228B	RP11.474L23.3	LVRN	AP000857.2	CLN5	C12ORF50	RP11.565J7.1	KPNA5	REXO1L1P	WTIP	TMEM182	CCDC125	KYNU	SLC35E3	GGT8P	HLA.DQA1	CFAP69	TATDN1P1	ATXN3	TBC1D8B	RPS6KA5	HTN1	HELB	AIMP1P1	RASEF	C15ORF40	ZNF26	ZNF445	HNRNPA1P54	CFLAR	USP8	OPHN1	MAB21L3	KCNE4	ADAM32	MCF2L2	C4ORF36	TTC7B	ORC4	ACOT11	GRAMD4P3	ZBTB8B	MYLK3	MPV17L	REL	PCDHA4	FBXO15	GNRHR2	C12ORF65	ZSCAN30	SRD5A1	POLR2J3	ABCC9	ERVW.1	CHST12	PGM5P2	XRCC2	CCDC141	ZNF471	CDKL5	DNAJC10	AL023806.1	RP11.47I22.4	METTL21A	PEX26	CYB5RL	ATP10B	TIGD1	SPTLC3	SMAD2	KCNK6	RP11.153M7.3
Inh L5-6 PVALB GAPDHP60 (68)	GPC5	MYBPC1	SEMA3C	CASQ1	MYOZ1	MYOT	KLHL41	CACNA1S	PYGM	ATP2A1	AMPD1	CA3	RYR1	TNNI2	SLN	TXLNB	TNNT3	SMTNL1	MYADML2	TNNC2	MYL1	RP11.766F14.2	ANKRD23	MYLK2	C10ORF71	CKM	NT5C1A	SCN4A	MYF6	NEB	FBP2	MYBPC2	TNNT1	STAC3	TMOD4	TMEM38A	PGAM2	DHRS7C	ENO3	TRDN	RPL3L	SYPL2	SMTNL2	ACTA1	MYPN	MYH2	XIRP2	PPP1R3A	KLHL40	FITM1	KLHL38	CACNG1	PDLIM3	SMCO1	ADSSL1	LRRC39	APOBEC2	C8ORF22	UCP3	SGCA	HFE2	PEBP4	ASB10	OBSCN	LRRC14B	TRIM54	PERM1	PPP1R3C	SRL	LMOD2	FHL3	TCAP	MYOM3	MB	FHL1	DUSP13	CMYA5	DUSP27	COX6A2	ASB2	ACTN3	MYOZ3	AGL	JPH2	CALML6	TMEM52	USP13	CORO6	PLPP7	TNNC1	FBXO40	SVIL	SH3BGR	RPL7P3	ADCK3	MURC	YIPF7	MYH1	SHISA4	RP11.451G4.2	VGLL2	ART1	SGCG
Inh L5-6 PVALB FAM150B (69)	FAM150B	MYBPC1	TNC	CASQ1	MYOZ1	MYOT	KLHL41	CACNA1S	PYGM	ATP2A1	AMPD1	CA3	RYR1	TNNI2	SLN	TXLNB	TNNT3	SMTNL1	MYADML2	TNNC2	MYL1	RP11.766F14.2	ANKRD23	MYLK2	C10ORF71	CKM	NT5C1A	SCN4A	MYF6	NEB	FBP2	MYBPC2	TNNT1	STAC3	TMOD4	TMEM38A	PGAM2	DHRS7C	ENO3	TRDN	RPL3L	SYPL2	SMTNL2	ACTA1	MYPN	MYH2	XIRP2	PPP1R3A	KLHL40	FITM1	KLHL38	CACNG1	PDLIM3	SMCO1	ADSSL1	LRRC39	APOBEC2	C8ORF22	UCP3	SGCA	HFE2	PEBP4	ASB10	OBSCN	LRRC14B	TRIM54	PERM1	PPP1R3C	SRL	LMOD2	FHL3	TCAP	MYOM3	MB	FHL1	DUSP13	CMYA5	DUSP27	COX6A2	ASB2	ACTN3	MYOZ3	AGL	JPH2	CALML6	TMEM52	USP13	CORO6	PLPP7	TNNC1	FBXO40	SVIL	SH3BGR	RPL7P3	ADCK3	MURC	YIPF7	MYH1	SHISA4	RP11.451G4.2	VGLL2	ART1	SGCG
Inh L5-6 PVALB MEPE (70)	MEPE	MYBPC1	SVIL	TXLNB	MYOT	CACNA1S	MYOZ1	PYGM	CASQ1	KLHL41	RYR1	C10ORF71	AMPD1	ATP2A1	MYPN	CA3	SLN	XIRP2	TNNI2	TRDN	RP11.766F14.2	MYADML2	CKM	MYF6	SCN4A	NEB	OBSCN	PDLIM3	PGAM2	SMTNL1	PPP1R3A	ANKRD23	TNNT3	LMOD2	NT5C1A	SMTNL2	ENO3	MYLK2	CMYA5	RPL3L	TNNC2	FITM1	MYBPC2	MYL1	FBP2	DHRS7C	STAC3	KLHL38	TMOD4	TRIM54	SMCO1	JPH2	TNNT1	SRL	TCAP	DUSP27	PERM1	SYPL2	APOBEC2	MYH2	SGCA	LRRC39	ADSSL1	MYOM3	TNNC1	ASB10	PEBP4	LRRC14B	PPP1R3C	MB	FHL1	ASB2	FBXO40	CORO6	USP13	COX6A2	RPL7P3	SGCG	DMP1	SOST	CHAD	IBSP	TMEM38A	ACTA1	KLHL40	CACNG1	C8ORF22	UCP3	HFE2	COL10A1	FHL3	SFRP4	DUSP13	OMD	ACTN3	MYOZ3	MYOM1	AGL	CALML6	TMEM52	PLPP7	SVIL	MYBPC1
Inh L1-6 PVALB COL15A1 (Chandelier) (71)	COL15A1	NPNT	EPAS1	TNS1	PDGFRB	FBLN2	ANGPTL2	ADGRA2	COL16A1	LAMB2	DDR2	C1R	LAMA4	FMOD	C1S	COL3A1	LRP1	LAMA2	TNS2	ECM2	NID1	ADAMTS2	PODN	MXRA8	COL6A2	IL6ST	SEMA3G	COL6A3	KIAA1462	PRRX1	HSPB6	COL4A2	PCOLCE	EHD2	SPARC	TNXB	ADAM33	PLIN1	SH3PXD2A	GSN	KANK2	AEBP1	COL6A1	COL12A1	ISLR	PARVA	THBS2	MXRA5	COL5A1	COL1A1	ELN	DPT	GPD1	LAMB1	EFEMP2	PALM2.AKAP2	MRC2	FHL1	TUSC5	ZCCHC24	TPM2	FKBP9	HTRA3	ITGA7	EMILIN1	CD248	LAMC1	FZD4	SLIT3	AQP7	CYBRD1	MYO1C	SERPINH1	SYNPO	SOD3	LEP	LIPE	CCDC80	FBN1	MYL9	FSTL1	LIMS2	CHRDL1	GPIHBP1	EMP2	SMOC2	ITGA1	SORBS1	HSPB2.C11ORF52	BGN	COL1A2	PLIN4	MYH8	LYVE1	PLAC9	BMP3	ADIPOQ	OSMR	MFAP4	CDH11	AOC3	ATP13A4
Exc L2 LAMP5 KCNG3 (72)	FAM163A	LOC101927668	SAMD3	GZMK	CD52	GZMA	PRRT4	TMSB4XP1	CD8BP	RPL18AP15	CD8B	PYHIN1	PHOX2A	AC002075.4	RP11.777J24.1	RET	RP4.612B18.1	AP000936.1	RPL34P27	RPS26P31	TRBC2	RP11.10G12.1	HAND2	TMSB10P1	PRF1	RP1.72A23.3	TMSB4XP2	RP11.391L3.5	H3F3C	RP11.564A8.4	RP11.330L19.1	CD8A	RP11.646D13.1	THEMIS	KLRK1	TP53I13	TRAV19	IL32	TRBJ2.3	RP11.889L3.1	TSSK6	GIMAP4	RPL15P20	CD3E	RP11.20O24.1	RPS18P6	RP11.345J4.6	KLRF1	AC002985.3	RENBP	RPS26P28	RAD9B	RPL7P6	RP3.423B22.5	SPATA31C1	AP000281.1	RPS26P15	PFN1P1	DOK2	CD3D	RP11.624L12.1	KLRC4.KLRK1	PPOX	RPL35P2	RP1.278E11.3	CHIC2	DNAJB7	HCG4P3	RP11.318C24.1	AC079250.1	CTB.79E8.3	TRBJ2.2P	RGS5	NSUN4	TRAC	FSCB	TRGV8	PRM1	MROH2B	RP1.40G4P.1	RPL13AP25	HMGB4	RPL13AP23	FAM222A	TRAV8.1	CTC.484M2.1	RP11.69L16.5	C3ORF22	PSMB9	DRICH1	FAM153B	RP11.550F7.1	CCDC168	SLC6A2	RP11.307E17.11	GTSF1L	CABS1	RPS27P23	SPATA31D5P	SPATA31A1	KIF2B	TXNDC2	RP11.384K6.6
Exc L2 LINC00507 ATP7B (73)	ACVR1C	LOC105377209	VWA5B2	CHGA	NKX6.3	CPE	ERO1B	PDX1	PCSK2	SLC30A8	INSM1	SCG5	NKX2.2	TTR	GCG	CRYBA2	SLC7A8	GCK	PTPRN	TPD52	PARM1	PCSK1	PTPRN2	ISL1	CHGB	SLC38A4	ZNF563	SCGN	SCGB2A1	SCG3	TM4SF4	TUSC5	CYSTM1	HADH	PLIN1	UCN3	MAFB	NAA20	CADPS	QPCT	CCDC89	CFC1	ADIPOQ	CIDEC	PCSK1N	PLAGL1	PEMT	GPD1	ENPP2	SSR4	LEP	GNAS	LIPE	SLC29A4	GPX3	RAB3B	PLCXD3	ANKRD65	RIN2	SLC7A2	PPP1R1A	SYNGR4	RFX6	TMEM37	MAFA	MOB1B	SAMD5	RIMBP2	KIAA1324	PAM	RP11.385J1.3	DYNLT3	KCNK16	C10ORF10	CD300LG	G6PC2	CDH22	AQP7	NEUROD1	GAD2	HEPACAM2	ELL2	TMEM176B	DEFB132	GLS	PRELID3B	INS	CNTN1	ARFGEF3	RP5.1147A1.1	TMEM59	FAP	MLXIPL	WFS1	GPR142	PLIN4	RAP1GAP2	KCNMB2	ABCC8	TMEM179	CD46	CFC1B
Exc L2 LINC00507 GLRA3 (74)	LINC01378	LOC101928278	SERPINE2	IGFBP3	IL13RA2	THBS2	PLOD3	CSPG4	LOX	CLMP	TWIST2	FKBP10	MMP2	EFEMP2	FRMD6	COL6A2	COL6A1	FAM180A	PRRX2	IGFBP6	PCOLCE	LAMA4	FBN1	VEGFC	TNC	MRC2	FN1	ITGBL1	TIMP2	RCN3	PRRX1	VASN	MMP14	KIRREL	LMNA	HTRA1	COL16A1	FSTL1	LAMC1	KCNK2	DDR2	COL12A1	COPZ2	EMILIN1	SOX10	MIA	MXRA8	TIMP3	RECK	LOXL1	CALU	CEMIP	FKBP9	CD248	NT5E	CD109	PYGB	LTBP2	SCARF2	TRAM2	LOXL3	PARVA	GAS6	SLC20A1	TNFRSF11B	FBLN2	EHD2	CKAP4	PLOD1	CTHRC1	SH3PXD2A	ITGB5	ITGB1	TMEM119	SYDE1	LOXL2	GREM1	CLIC4	ITIH6	CCDC80	PSG5	SRPX	MRGPRF	LRRC15	UCN2	ACKR4	EXT1	PTX3	SERPINH1	COL22A1	FBLN5	LAMB2	ADAMTSL1	PRNP	MARVELD1	FGF2	FAM129B	COL6A3	PPFIBP1	ADAMTS2	RAB11FIP5	TNFRSF12A	OAF
Exc L2-3 RORB RTKN2 (75)	LOC101927745	LOC105376987	PLCH1	RMST	FZD3	CBX5	RFX3	DNALI1	CDH2	HMGN3	RCN2	C6ORF118	WSB1	CHD7	FEZF1	TSPAN6	DCC	MAATS1	MYH10	HNRNPA1	SDK2	MYEF2	TMEM232	EFHC1	VANGL2	SPAG6	GLI3	CDO1	SALL2	ENKUR	CFAP46	CFAP43	SRP9	LRRN1	HYDIN	MID1	TMSB15A	NME5	FAM81B	TMEM231	ARMC3	FANK1	TPPP3	SPA17	DNAH6	TTC29	DRC1	IFT140	FOCAD	ZBBX	CNN3	SRGAP3	CFAP206	TMEM67	TSPAN3	TET1	UBE2E3	LIX1	ADGRL2	TEKT1	RSPH4A	POLI	AC011043.1	IL17RD	PTBP2	DNAI1	RSPH1	ZNF521	WRB	TUSC3	ZNF462	PCDHB2	ZMYND10	PRTG	ZNF730	CC2D2A	NREP	DPYSL5	MAGED1	BEX3	ZNF738	OSCP1	SAXO2	ABI2	EPHA7	CFAP65	MAGED2	DNAH9	UNC13B	KLHDC8B	CACHD1	EFCAB1	KCNT2	SUMO2	CETN2	TSPAN19	CA14	HACD3	ENAH	ZFHX4	NELL2	C1ORF87	TUBB2B	SKIDA1
Exc L2-3 LINC00507 DSG3 (76)	BDNF	BMPR1B	LOC105379003	FRMD6	LOXL2	CRIM1	CKAP4	RPSAP48	EXT1	RP11.38O23.4	ITGB1	SHOX	NEUROD2	PLEKHA3	FSTL1	LOX	PTRF	CALU	GALNT5	VEGFC	EHD2	PARVA	MYOF	EFEMP2	ACTN1	KLLN	PXDN	GREM1	RAB12	ARSJ	GAS6	TRAM2	WNT5B	COL1A1	CREB3L1	AFAP1	TPM4	CALD1	RPS6KA6	THBS1	FGF5	FAM124A	KCNJ2	ZNF414	TAGLN	FBN1	BTBD7P1	DKK3	MYL9	COL12A1	LAMC1	FN1	FOXL1	LRRC69	CHRM2	LMO7	NT5E	CD248	PLD5	LOXL1	SYDE1	SLITRK5	TIMP2	VASN	CCND1	BTN3A2	MICAL2	KIRREL	MARCKSL1P2	MARVELD2	CYR61	HEG1	COL5A1	FOXD1	COL6A3	MFSD4BP1	MRGPRF	ADAM9	TEAD1	SERPINH1	LAYN	KCNJ3	LGALS1	GPX8	CNNM2	MXRA8	SCARF2	ATAD3C	LPAR1	CHST5	RP11.628J14.1	FOXP1	TPM2	CLIC4	MARCH4	ARHGEF26	CTGF	PDCD1LG2	DDR2	OXTR	Z97634.3	PCDHGB5	GMFB
Exc L3 LAMP5 CARM1P1 (77)	EPB41L4A	SV2C	SYT2	GABRA1	DNAJC6	NDRG4	FGF13	PRKCG	SLC6A3	CTXN3	CBLN3	KCNC1	SLC12A5	GRM4	TUBB4A	GABRD	TH	DIRAS2	ATP2B2	FAIM2	SNAP25	ATP1A3	CADM3	STX1B	PPFIA4	KCNJ9	CPLX2	PHYHIP	TMEM151B	KCNA2	DNM1	GRIN2C	CCDC85A	GAS7	CAMKK2	ASTN2	KIAA0513	STXBP1	SLC8A2	SNAP91	PRR35	SYNGR1	TPPP	NCDN	NPTX1	RPAP2	ADAM11	RPH3A	KCNA1	SLC6A17	ADAMTSL3	FRK	VSNL1	BSN	INTU	FAM131B	RP5.1187M17.10	SV2B	PACSIN1	GABRB2	DLG4	KIF1A	NXPH3	MIPOL1	SPTBN4	GRIN1	IQSEC3	GNAO1	LGI3	FSIP2	KIF5A	MTURN	TIAM1	NAPB	SYN2	SEPT4	GABBR1	ATP9B	RASGRF1	SLC18A2	TMEM212	RIMS3	NRXN2	MDGA1	SLC17A7	FAM228B	SCN2B	MAPK8IP2	REXO1L1P	CCDC122	KIAA1328	PRRT2	MAP1A	CAMK2B	PPP2R2C	DLGAP1	GPRC5B	C4ORF32	SYN1	KCNC3	TMEM182	WBSCR17	CPLX1
Exc L2-3 RORB CCDC68 (78)	COBLL1	COL5A2	PRSS12	COL1A2	FSTL1	MRC2	COL1A1	COL12A1	COL16A1	EFEMP2	ADGRA2	PARVA	TIMP2	PCOLCE	PTK7	CD248	MXRA8	VASN	CREB3L1	SEPT11	COL5A1	COL3A1	FBN1	SPARC	CDH11	SERPINH1	LAMC1	ADAMTS2	LOXL2	PXDN	FKBP10	LOXL1	LAMB1	KIRREL	EMILIN1	COL4A2	COL6A1	COL14A1	CKAP4	DDR2	PRRX1	PDGFRB	COL6A3	LAMB2	CALD1	COL6A2	ADAMTS12	COL11A1	CCDC80	CALU	LOX	ITGA11	TAGLN	FN1	NID1	ITGB1	PSG3	CSH2	PSG11	CSH1	CSHL1	TPM4	PSG9	PSG6	GPX8	CYP19A1	FERMT2	LAMA4	PSG1	LRP1	BMP1	MXRA5	HEG1	NFATC4	TRAM2	EVC	FRMD6	PSG4	EHD2	AFAP1	LTBP1	MMP2	SPATA18	CDHR3	GH2	CLIC4	PTRF	FBLN2	CRIM1	FKBP9	CTHRC1	NID2	RCN3	PAPPA2	HSD3B1	PAPPA	ADAMTSL1	SH3PXD2A	LTBP2	CCDC17	EXT1	MEOX2	FBLN5
Exc L2-3 RORB PTPN3 (79)	COL5A2	LOC105370610	LOC105378334	RORB	VSX2	COL5A1	FSTL1	COL3A1	COL1A2	FBN1	MRC2	COL1A1	SPARC	NEUROD4	CDH11	SERPINH1	LAMC1	COL16A1	COL12A1	SLC1A7	ADAMTS2	LGR4	LOXL2	PXDN	FKBP10	LOXL1	EFEMP2	LAMB1	KIRREL	EMILIN1	PARVA	COL4A2	COL6A1	ADGRA2	TIMP2	COL14A1	CKAP4	DDR2	PRRX1	PDGFRB	COL6A3	LAMB2	PCOLCE	CALD1	C2ORF71	ILDR2	COL6A2	ADAMTS12	COL11A1	CCDC80	CALU	LOX	ITGA11	TAGLN	FN1	CD248	IMPG2	NID1	ITGB1	PTK7	MXRA8	TPM4	GPX8	FERMT2	LAMA4	LRP1	BMP1	MXRA5	HEG1	NFATC4	TRAM2	EVC	FRMD6	EHD2	AFAP1	LTBP1	MMP2	CLIC4	PTRF	FBLN2	CRIM1	FKBP9	CTHRC1	NID2	RCN3	VASN	ADAMTSL1	SH3PXD2A	LTBP2	EXT1	MEOX2	FBLN5	CLMP	MAB21L1	SCARF2	CREB3L1	THBS2	POSTN	SEPT11	MYL9	RBP3	TEAD1	TGFB2	PLOD1
Exc L3 THEMIS ENPEP (80)	FAP	LAMA2	LOC101928964	LOC105376081	GCG	TM4SF4	TTR	NAA20	PCSK2	SCG5	CHGB	GLS	CYSTM1	ELL2	KANK2	CPE	CASQ2	PDGFRB	FBN1	LOXL4	SLC38A4	CFC1	MYOM1	COL3A1	LAMB2	TMEM176B	LAMC1	RFX6	RIN2	PALM2.AKAP2	GPR119	PEMT	FBLN2	ENPP2	DDR2	ABCA8	LRP1	TNS1	CCDC80	MYOZ2	ADAMTS2	LDB3	SVIL	HSPB7	DUSP27	PDE4DIP	RBM24	FSTL1	DES	SVEP1	SCN5A	MYOM2	PGM5	SLC30A8	THBS4	UNC45B	SSR4	RYR2	GC	COL12A1	PPP1R12B	NID1	RGS4	AC013461.1	QPCT	MYL9	MYL3	POPDC2	GALNT15	FHOD3	COL16A1	KIAA1462	ACTN2	MYOM3	COL5A1	PLN	SMYD1	TSPAN9	JPH2	XIRP1	GPX3	MYBPC3	ALPK2	COL15A1	C1R	CYBRD1	PRRX1	SORBS1	PALLD	PODN	HRC	ARFGEF3	PARVA	TNXB	HSPB3	LAMB1	RPS6KA2	SAMD4A	RNASEK	USP53	LAMA4	FBLN5	CACNA1C	MYZAP
Exc L3-5 RORB TNNT2 (81)	FSHR	LOC100507562	LOC105376081	INHBB	IHH	GATA4	INHA	CTD.2311M21.2	DHH	FOXL2	SLC47A1	RP11.393I2.2	RNF139	GGT2	TLL2	LMBR1L	AMH	MAGEB17	TMPRSS11CP	UBXN8	MFAP4	GGTLC3	RP13.1056D16.2	PHEX	CES3	AFTPH	RIMS4	TMPRSS11GP	DCAF13P1	CHST1	BRPF1	WT1	GDF7	SERPINA5	VN1R51P	RP1.27O5.3	LAPTM4B	GATA6	FANCG	RGAG1	RBP1	RP11.758I14.3	SUSD3	HS6ST1	EMILIN3	NR5A1	CSDC2	ZNF18	VN1R48P	NOSTRIN	DCAF13P3	ISM1	HSPG2	ZNF135	CER1	RHOBTB3	NMNAT1P3	PRRT1	KRT74	SLC52A3	ADGRA3	C14ORF37	BMS1P17	EDA	MST1L	AMHR2	MYL2	SHH	SOWAHC	GATA5	KDM5B	ETFDH	COX7A1	RP13.726E6.2	REEP6	FAM19A3	KLF8	GREB1	RP3.401D24.1	ADCY10	EIF2S3	PNCK	NR0B1	CCDC81	ITGA9	PTGR1	MTR	DCUN1D1	TBL1XR1	MCC	ZBTB17	TCEAL9	P3H2	EFCAB3	LCLAT1	RP11.142C4.4	RP11.144O23.8	ZWILCH	HAS2	ANKRD10	RPS20P33	MIXL1	IDH1
Exc L3-5 RORB LAMA4 (82)	KCNH8	LOC100128497	LOC101927281	LOC105376081	TRP	TTC3	KALRN	ELAVL3	SRGAP3	NACAD	CTD.2026D20.3	TMTC4	TUBA1A	ADGRB3	MAGED4B	MAP2	CTNNA2	KIAA0895L	FEZ1	NFASC	ELAVL4	PCBP4	ATCAY	NOVA1	CTB.159G17.3	CELF3	STMN2	NCAM1	SYT11	TUBB2B	SCN3B	CLASP2	SOX11	DPYSL4	SBK1	PPFIA2	GDAP1L1	LSAMP	APLP1	MOBP	KIF1B	CRMP1	CHN2	DPYSL5	MAP1B	OPALIN	TCAF1	RIMS2	ERMN	AMER2	TUBB2A	RUFY3	INA	PHF21B	AC109829.1	MLLT11	XKR4	UCHL1	PEX5L	BRSK2	SRRM4	ITSN1	LY6H	ARHGAP21	ANK2	TAGLN3	PLEKHH1	MAP6	STOX2	TTLL7	SLCO1A2	STMN4	LRRTM2	KIF5C	ATAT1	MAST1	CELF5	CHD7	POU3F3	PLP1	ZC2HC1A	HN1	TRIM2	RTN1	FXYD6	CNTNAP4	C8ORF86	SYT1	THSD7A	ANKS1B	AGPAT4	MAB21L3	DISP3	DLG2	PGM5P2	EFS	NGRN	HMP19	TUBB3	NDRG4	DENND2A	MAGI2	SEPT4	RP11.536C10.3	RP3.403A15.5
Exc L5 THEMIS VILL (83)	DACH1	LOC101927389	TNC	MRC2	PCOLCE	COL6A2	COL6A1	COL6A3	TIMP2	AP3B2	SRRM4	COL1A2	EFEMP2	EMILIN1	FKBP10	COL16A1	KIRREL	MMP2	COL1A1	SERPINE2	COL12A1	ADGRA2	VIM	THBS2	MMP14	LOXL2	FSTL1	SCARF2	PRRX1	COL5A1	LRP1	FRMD6	LAMC1	LAMB2	FN1	LOXL1	TWIST2	MXRA8	TMEM44	PCDHGC3	PDGFRB	SERPINH1	CKAP4	SEC61A1	TRIO	VASN	TPM4	RPL23AP32	VEGFC	FBN1	SPARC	GPC1	CALU	GAS6	ARL3	EHD2	OSMR	PLOD3	MAP1B	SYDE1	PRRX2	ADAM9	EVC	TMEM119	PARVA	MRGPRF	MXRA5	SEPN1	CDH11	TTYH3	CHST3	DDR2	FKBP9	LTBP1	SH3PXD2B	FBLN2	LAMA4	BEX2	ACTN1	EXT1	MPZL2	PTK7	TRAM2	LOX	LAMB1	LMNA	CD248	PLOD1	NT5E	ITGB1	CSPG4	CLMP	RCN3	NDST1	HTRA1	COL5A2	SH3PXD2A	ATP2B4	SSC5D	LTBP2	GNG12	KIAA1549	DKK3
Exc L3 RORB OTOGL (84)	COL22A1	RMST	OTOR	MIA	ITIH6	APOD	ITGA10	MIA.RAB4B	IL13RA2	LOXL3	MELTF	ITIH5	UCN2	CSPG4	REM1	TRPV4	SERPINE2	EMILIN1	LOXL4	SOX10	AC009299.4	SPTBN5	LAMA4	PLOD3	SCARF2	ALDH1A3	COL9A3	RXRG	SLC20A1	MPZ	COL2A1	THBS2	IGFBP3	PDLIM4	PLA1A	KRT16P6	AARD	COL11A2	OAF	MICALL2	SPRY4	CPSF1	TNC	LTBP3	EXTL1	VIT	SCRIB	LINC01314	PYGB	MMP14	KCNN4	GAL3ST1	NTSR1	FAM19A3	AFAP1L2	RHBDF1	SRPX	S100A1	GDNF	CTHRC1	SEPN1	NGFR	CORO2B	MFGE8	RHPN1	DCSTAMP	EDN3	PLEKHA4	MDFI	LIF	CD276	ALPK2	SPEG	SMTN	MRC2	CDH19	FBXL6	CXORF49B	CXORF49	DDX11	RP11.415I12.2	FGFRL1	GPC1	ACTN4	SORCS2	VIM	LZTS2	PCOLCE	COL7A1	PMEPA1	FOXD3	TMEM132A	SEMA3B	MRPS6	PLXNB3	ARHGAP39	EN1	SYTL5	PPFIBP1	FBN2	CDH24	RFX8
Exc L3-5 RORB LINC01202 (85)	LOC101927874	LOC105374971	LOC105376081	LOC105377703
Exc L5 THEMIS SLC22A18 (86)	BTNL9	CCBE1	LOC401134	SLC7A11	PLIN1	TUSC5	AQP7	SEMA3G	LIPE	LEP	CD300LG	GPIHBP1	GPD1	ATP13A3	PLIN4	ADIPOQ	CHRDL1	CIDEC	CCL24	AOC3	SRXN1	ITIH5	CTSL	PNPLA2	KCNIP2	ECM2	SORBS1	EGFL6	CCL2	CLEC5A	CYP1B1	FP325317.1	GYG2	C14ORF180	TXNRD1	CIDEA	TNS1	LHFPL2	CYP27A1	RDH5	ACACB	ADH1B	HSPB6	PALMD	FZD4	ALDH2	LPL	ITGA7	NOTCH4	CXCL8	NPR1	CCL14	HSPA12B	PLA2G7	RAPGEF3	CXCL3	FABP4	DPT	ARHGEF15	GSN	PCOLCE2	GHR	TNS2	CD36	FHL1	KIAA1024L	MEOX1	GSR	ADIRF	PPP1R1A	CEBPB	TWIST2	FGF8	LAMP1	PLAUR	IER3	CFD	OLR1	FGF5	RBP7	MSC	SERPINB2	IRAK2	AC008694.2	IL1B	HMGN1P14	GPR84	SLC19A3	GABRE	CYBB	MTHFD2P1	PGBD4	RP5.1052I5.2	FPR3	DSE	SRC	IRX6	MMP19	ADCY4	ADRA2A	VEGFC	PLAC9	SAA1	RAMP3
Exc L5-6 THEMIS TNFAIP6 (87)	LOC105373893	LOC105378031	LTBP1	TSHZ2	FBN1	COL6A3	COL6A1	LTBP2	FSTL1	PXDN	FN1	ITGB1	COL5A1	VCL	MRC2	LAMC1	EFEMP2	COL6A2	LOXL1	CALU	EHD2	CKAP4	PARVA	GAS6	NT5E	TPM4	COL1A1	LOXL2	COL1A2	SPARC	CDH11	ADAMTSL1	DDR2	COL5A2	SERPINH1	PRRX1	LAMB1	NID2	LPAR1	TIMP2	CLIC4	CCDC80	LOX	CLMP	FKBP10	LAMB2	KIRREL	CTGF	ACTN1	MXRA8	TRAM2	EMILIN1	MYL9	KIAA1462	ATP2B4	GALNT5	DKK3	RCN3	PCOLCE	PCDHGB5	TGFB1I1	EVC	PTRF	CD248	VEGFC	ITGBL1	COL16A1	CREB3L1	MYOF	FRMD6	AFAP1	MMP2	GPX8	CAPN2	CALD1	COL12A1	VASN	ADAMTS2	BMP1	LMNA	TAGLN	ADAM9	MYLK	IGFBP4	PDGFRB	EXT1	ADGRA2	CTHRC1	PAMR1	CD151	SRPX	LRP1	SERPINE1	PLOD1	WNT5B	COL4A2	ARSJ	SCARA3	PALLD	SEC61A1	HEG1	NDST1	CCND1	ABI3BP
Exc L3-5 RORB LNX2 (88)	LOC105374971	LOC105377703	TRABD2A	SLFN12L	HELB	TCF7	ITK	FLT3LG	ETS1	SAG	GVINP1	ZNF26	DGKA	TMC8	NLRC3	TNFRSF25	NLRC5	PCSK7	FAM65B	CD6	BTN3A1	ZNF506	BCL11B	SFI1	RNF125	IL7R	HNRNPA1P54	CD247	ATM	ZNF101	RASGRP2	AKNA	PIK3IP1	GIMAP1	GPR155	RPS6KA5	CD28	PRKCH	TCAF2	FGFR1OP	TXK	PCDHB1	ZBTB8B	RP11.10O17.1	CD3E	MOGAT3	IKZF1	NLRP1	ZBTB25	PSD4	RP11.307A17.2	ZBTB8A	KLF2	PHC3	ARHGEF1	CCR4	C5AR2	PTPRC	FOXP1	JAK3	CTB.133G6.1	ATP10B	TTC39B	ARHGAP45	CRLF3	ZAP70	CA5A	SCAND2P	CASP8	CCDC122	MPV17L	ACAP1	C2ORF81	TRAF3IP3	WTIP	LINC01125	ZBP1	BTN3A2	TSPAN10	MCF2L2	ZNF557	CDC42SE1	IL12RB1	APOL6	PIK3CD	IRF1	APOBEC3D	TCF23	SLC25A45	SULT1B1	SLC35E3	FAM98C	SP110	RP11.229P13.2	FGD3	GABPB2	MARCKSL1P2	CCDC88B	PLEKHM1P1	AP4S1	ZNF527	PDE3B	ANKRD44
Exc L3-5 RORB RPRM (89)	LOC105374971	LOC105374973	RPRM	RP11.561N12.1	AC068491.3	CDH8	TUBB2A	CDH10	CACNA2D3	SV2A	ASIC2	GRM3	RP11.131K17.1	PNMA1	HOXA2	KLK14	CSPG5	DPF1	MARCKSL1	DPYSL3	AC007562.1	HMP19	NRXN2	MAPT	EXTL1	PLPPR3	FAM171A2	NSG1	ARHGAP33	BASP1	RP11.452K20.1	GAP43	ADCY1	CNTNAP3P2	MTND6P25	RTN3	SEPT3	RP11.428L21.2	PCDHB4	CELF3	PODXL2	PCSK1N	CCHCR1	GPRIN1	RGMA	CAMKV	JAKMIP1	C1QL4	DPYSL5	STMN3	LMTK3	SYT3	RAC3	CALY	SNX19P2	BRINP1	RP11.637O19.3	TUBB2B	CTXN1	KIF3C	PEG10	UCHL1	MAPK8IP1	FXYD6	PDXP	PDZD4	NYAP1	BLCAP	NAP1L3	DCLK1	H2AFY2	CACNA1B	DBN1	KIF21B	TENM2	CRMP1	DTX3	PPP2R1A	CHCHD10	RTN1	MPP2	REEP1	TLX3	CADM4	RIMS4	LSM11	C2CD4C	RND2	CCDC106	SCD5	L1CAM	AP3B2	DPYSL4	FNBP1L	MAST1	RAB11B	GDI1	SBK1	CLEC2L	C16ORF45	ZCCHC12	IFNL4	KIAA1211
Exc L5 RORB MED8 (90)	COL22A1	LOC401134	NPFFR2	OTOR	MIA	ITIH6	APOD	ITGA10	MIA.RAB4B	IL13RA2	LOXL3	MELTF	ITIH5	UCN2	CSPG4	REM1	TRPV4	SERPINE2	EMILIN1	LOXL4	SOX10	AC009299.4	SPTBN5	FREM3	LAMA4	H2AFZ	PLOD3	SCARF2	ALDH1A3	COL9A3	RXRG	SLC20A1	MPZ	COL2A1	THBS2	IGFBP3	NANOG	VAT1L	PDLIM4	TDGF1P3	PLA1A	NKX1.2	KRT16P6	HMGB1	AARD	MRS2	AK4	CASP3	COL11A2	NPM1	CTB.147C22.3	OAF	L3MBTL3	MICALL2	MORF4L1	SPRY4	SUMO1	NAE1	ZNF681	PIGW	NUDT15	ZNF860	CPSF1	SRP9	TNC	LTBP3	EXTL1	VIT	RP11.217O12.1	RALYL	SCRIB	LINC01314	PYGB	MMP14	KCNN4	TFAM	PUM3	SRSF3	GAL3ST1	L1TD1	NTSR1	EIF4E	HSPA8P8	EIF4EP2	FAM19A3	DCAF13	AFAP1L2	FGF13	RHBDF1	SKIL	CALM2	PRDX3	SC5D	MIXL1	PAK1IP1	PSMA3	SRPX	BZW1	S100A1	NANOGP8	GDNF	CTHRC1	TDGF1
Exc L5 THEMIS FGF10 (91)	BDNF	CRH	NPFFR2	CXCL12	FRMD6	LOXL2	CRIM1	GGT5	CT45A11P	CKAP4	EXT1	ITGB1	FSTL1	LOX	PTRF	CALU	GALNT5	VEGFC	EHD2	PARVA	MYOF	EFEMP2	ACTN1	PXDN	GREM1	C16ORF92	ARSJ	GAS6	TRAM2	WNT5B	COL1A1	CREB3L1	AFAP1	TPM4	CALD1	THBS1	FGF5	TAGLN	FBN1	CFD	DKK3	MYL9	COL12A1	LAMC1	FN1	FOXL1	CHRM2	CICP3	LMO7	NT5E	CD248	LOXL1	SYDE1	TIMP2	VASN	CCND1	MICAL2	KIRREL	CYR61	HEG1	COL5A1	FOXD1	COL6A3	FRZB	MRGPRF	ADAM9	TEAD1	SERPINH1	LAYN	LGALS1	GPX8	MXRA8	SCARF2	LPAR1	TPM2	CLIC4	MARCH4	CTGF	PDCD1LG2	DDR2	OXTR	PCDHGB5	GNG12	FKBP10	CLMP	CCDC80	RAI14	GPR176	NEDD8	MRC2	FGF2	MYLK	CTD.3222D19.2	ATP2B4	TGFB1I1	COL6A1	SEPT11	KDELR3	CAV1	NID2	COL1A2	ZNF469	LTBP2
Exc L6 THEMIS LINC00343 (92)	ANKRD30B	LINC00299	LINC00343	ATP8A2P1	ANKRD30A	CRACR2B	SHROOM1	RBBP8NL	SCUBE2	POTEC	MLPH	TRPM4	GTF2IRD2	D2HGDH	SLC25A29	C2ORF27A	PNPLA7	TCF23	RP11.307A17.2	IDUA	C17ORF105	OLA1P3	TSPAN10	CA5A	ADAMTSL3	USHBP1	WTIP	ZBTB8B	HCAR1	AP006285.2	AP006285.1	CATSPERG	MCF2L2	FER1L5	MEIOC	LINC01125	FAM98C	MORN3	CCDC122	C2ORF81	ZNF382	GLIPR1L2	RP5.1000K24.2	MYCBPAP	GSG1	ZNF793	GNRHR2	MTCO1P15	HTN1	ZBTB8A	OPRD1	AP4S1	AC156455.2	CFAP69	SLC9A4	ADGRD2	TEX35	RP11.153M7.3	SPATA6L	TRIM73	SAG	ZNF774	C5AR2	OAZ3	OR7D2	ASB3	PKD1P5	CCDC169	PDE6A	FAM228B	CDKL5	FAM221A	YWHAQP5	PGM5P2	RP11.484L7.2	ZNF891	AL365202.1	EFCAB12	RILPL1	FBXO24	ATP1A4	EFCAB6	PKD1L2	ZNF556	RPP14	TMEM175	KCTD19	TMEM213	GSTO2	CNKSR3	ABHD1	KLHL33	ARHGAP28	C12ORF50	CYB5RL	F2RL3	ZNF713	PLIN5	RP11.15G8.1	TERB1	OPA3	RP11.286N22.8	SH2D3A
Exc L6 THEMIS SLN (93)	FAM163A	LOC105371832	LOC105374524	PRRT4	PHOX2A	RET	HAND2	TP53I13	TSSK6	RENBP	RAD9B	SPATA31C1	PPOX	CHIC2	DNAJB7	RGS5	NSUN4	FSCB	PRM1	MROH2B	HMGB4	FAM222A	C3ORF22	DRICH1	FAM153B	CCDC168	SLC6A2	GTSF1L	CABS1	SPATA31D5P	SPATA31A1	KIF2B	TXNDC2	RP11.384K6.6	PRM2	HSFY1	TPD52L3	CALR3	TBATA	RP11.566K19.5	TPPP2	TBC1D3F	C7ORF34	RP11.360D2.1	SPPL2C	FAM205A	TCP11	C2ORF57	RP11.266L9.3	RP11.404K5.2	TRIM42	RNF133	CCDC54	SPATA3	TMEM191C	TMCO5B	AC130709.1	GTF2IP12	C21ORF140	RNF148	TBC1D28	SPATA31C2	C20ORF173	RP11.114H24.2	SMCP	TMCO2	RP11.526D8.7	HSFY1P1	BPIFA3	FAM205BP	CTA.246H3.8	CTC.441N14.4	RP11.1379J22.7	RP11.98J23.1	OR2H1	CAPZA3	AGGF1P8	DUSP21	FAM71B	SPATA31D1	ODF1	PGK2	SRRM5	ACSBG2	OR7E104P	CRISP2	FAM153A	SPZ1	RP11.798K23.3	CCDC188	GOLGA6L22	MARCH11	FAM71C	RNF151	OR7E156P	AKAP4	LRRC37A3	GOLGA6L7P	FAM71E2	U51561.1	RP11.613H2.1	GOLGA6D	SPATA31E1
Exc L6 THEMIS SNTG2 (94)	LOC101927389	LOC105371310
Exc L5-6 THEMIS SMYD1 (L6 IT Car3) (95)	ATP10A	TRPC5	ZBTB7B	OR7E33P	MPHOSPH8	COX17P1	ARHGEF28	RPS27P29	TPT1P7	C10ORF142	AC113404.1	RPS4XP23	RPS4XP7	FBXW5	LCP2	PEBP1P2	WDR1	CYB5D2	FANCA	DNASE2	RPL23AP3	XYLT1	ADAMTS2	PACS1	ELN	ZFC3H1	CD247	FAM219A	ADGRE5	TLN1	RP11.302I18.1	LOX	ITGBL1	RP11.349N19.2	RPL23AP34	MED26	RCN3	MXRA8	GREM1	ATP8B2	PRRX2	RPL23AP43	PPP1R18	CD248	SYNE3	EFEMP2	TINF2	RASA3	LTBP2	FBN1	SUN2	TIMP2	ITGA11	COL12A1	RP11.761N21.2	NEK7	MYH9	ANXA6	SLFN5	COL1A1	LRP1	VPS37B	KLF13	COL6A2	SBNO2	ADCY7	HELZ2	RP11.108M9.5	VASN	NLRC5	CCDC80	DHX58	ETS1	LOXL2	PDCD1LG2	MGAT1	EHD2	IGFBP3	COL6A1	SYTL3	MYO9B	CIRBP	FRMD6	TAGLN	SCARF2	FAM180A	PTRF	RPS4XP1	GAS6	KDM2A	IL10RA	HAPLN3	GRHPR	COPZ2	NAPA	SNX11	IFIT3	LRP10	LOXL1	CHPF2	TAOK3	TGFB1
Exc L5-6 FEZF2 OR1L8 (96)	LGR6	LOC101927439	LOC105374392	LOC105377183	GH1	NAIF1	RP11.613M10.9	L34079.2	RP11.667F9.1	FARP1	UNC93B6	C11ORF42	RP11.713C19.2	RP11.302B13.5	GOLGA8UP	CTD.2060C23.1	MYL12BP2	RP11.500M8.6	AC069368.3	VEZF1P1	CCNL1	UBE2Q2P1	RP11.766H1.1	RP11.227D13.2	RAD51L3.RFFL	ALG14	RP11.198M15.1	FTH1P7	TLR6	NBPF17P	HIGD1AP1	CPAMD8	CACNB3	CTD.2319I12.10	RSC1A1	AC084219.2	RPS23P8	HNRNPUL2.BSCL2	ADCY9	AC111155.1	CH507.9B2.9	SUMO2P1	RBM14.RBM4	LTBP3	WFDC8	JAK1	Z97634.3	TNFSF12	FAM131A	HNRNPA1P16	AC005795.1	SHANK1	RPL12P15	ZBTB4	ZNF75A	PGK1P2	SIRPB1	RP11.305B6.1	RP2	ZRSR2	PDIA3P1	VSTM1	PPTC7	GPR85	ANP32A	AC009065.1	ADAMTSL5	FCGR2A	BRDT	INO80C	RPL22P11	FRG1KP	ANXA2P2	RNF141	ZNF26	FGF8	FADS3	NONOP2	RP4.569D19.5	NAMPTP1	LPO	MAP3K11	AHDC1	ATP6V0A2	IKBKGP1	SPOPL	FAM35BP	DCUN1D3	NLRP2	SIAE	SVILP1	TAF15	RP11.113I24.1	HINT3	HACE1	CNKSR2	XKR8	ASXL2	RP11.345J4.3	KLHL33	TNRC6B	PDGFA	PIGX	PPP1R18
Exc L5 THEMIS LINC01116 (97)	LOC105369890	LOC105371663
Exc L5 THEMIS RGPD6 (98)	DDR2	LOC105371663	THEMIS	CLMP	FBN1	PRRX1	PARVA	FSTL1	PDGFRB	CCDC80	EHD2	CD248	LOX	LAMC1	COL6A3	MXRA8	EFEMP2	ADAMTS2	TIMP2	LRP1	LAMA4	COL12A1	MMP2	CDH11	PTRF	CD3E	COL6A1	CALD1	ADGRA2	FRMD6	TRAC	KANK2	TRBC2	FBLN2	ITGBL1	CYBRD1	PCOLCE	FKBP9	CALU	COL16A1	LAMB2	ATP2B4	LTBP2	FN1	TRAM2	COL6A2	ALDH1L2	SPARC	KIRREL	MRGPRF	MYLK	EVC	RECK	HEG1	LPAR1	VASN	KIAA1462	MRC2	TWIST2	LOXL1	COPZ2	CD3D	FBLN5	COL5A2	PTPRC	GREM1	NEK7	SLIT3	COL5A1	CRIM1	CLIC4	MYL9	CKAP4	C1R	EMILIN1	ANGPTL2	ITGB1	ITK	LOXL2	GNG12	ZCCHC24	FAM114A1	COL1A1	ADAM33	PDGFRA	RCN3	EXT1	IGFBP6	VEGFC	C1S	DAB2	CD3G	TRAT1	SH3PXD2A	GPX8	PODN	PAMR1	ADAMTSL1	LAMA2	PXDN	CEMIP	LAMB1	WNT5A
Exc L5-6 FEZF2 C9orf135-AS1 (99)	EGFEM1P	FOXP2	SEMA5A	BEX1	NEUROD1	ZNF382	PLXDC1	CDH11	APOLD1	ITGA1	ABCC9	PDGFRB	EDNRA	TRPC6	TTR	CALD1	PCSK2	SPARC	TM4SF4	GCG	FKBP9	CCDC3	CYSLTR2	RASL12	IL1RL1	HIGD1B	CRYBA2	LAMA4	DDR2	RGS5	KCNJ8	FSTL1	PARVA	RP11.613G13.1	RP11.20I20.1	CFC1	RBMS3	PRICKLE2	PBX3	SMIM18	INHBA	SCG5	CHSY3	DLC1	EFEMP2	COL12A1	VMP1	KIAA2022	RNF152	GUCY1A2	TEAD1	CCDC90B	SIRPAP1	FOXF2	USP9Y	NAA20	TMED4	CHGB	NOVA1	MAGI2	C5ORF67	AKAP2	LAMC1	KIAA1462	HEYL	REV3L	PTEN	SLC38A11	FBN1	PDE7B	FAM114A1	PDGFRA	EPS8	ADAMTS2	FOXL1	ADGRA2	PRRX1	LAMA2	KCNMB2	SEPT11	RECK	RPL36AP55	CPE	CD248	USP53	AC008834.2	IL24	RP11.460G11.2	AP000654.5	ENO1P2	CALU	SLC17A6	CDH18	CSPG4	HEG1	NID1	RP11.457K10.2	TJP1	MYLK	ADAMTS1	FN1	MXRA5	UCN3
Exc L5-6 FEZF2 FILIP1L (100)	LOC100128497	MCTP2	SEC16B	SULF1	SPON1	NR1I2	MAT1A	CYP2C9	ITIH4	ITIH1	SLC2A2	UGT2B7	NR1H4	CYP4F2	ACSM5	OTC	MTND4P20	PLG	ANG	PAH	ABCG8	APOA5	SLCO1B1	C8A	MBL2	C8B	SLC22A1	CPB2	HP	CYP2C18	AGXT	F9	DPYS	GLYCTK	CREB3L3	HAO1	C4BPA	UGT2B4	CFHR5	ABCB11	C6	KHK	G6PC	ADH1A	ANGPTL3	HPR	AFM	UGT1A4	SNX20	ORM1	PCK1	SLC28A1	KNG1	CYP2C8	BHMT2	HNF4A	ALB	SLC22A7	ADH6	UNK	SLC38A3	FTCD	ORM2	APOC3	CYP4F12	TDO2	HSD17B6	GSDMD	ALDOB	A1CF	AKR1C4	ITGB2	AADAC	C9	HES1	F11	CFHR4	SERPINC1	HPX	CES2	FGB	MTTP	SEPP1	MOGAT2	F13B	PRAP1	RP11.903H12.5	CYP4A11	C4A	RP5.966M1.6	CFHR3	PLGLB2	APOC4.APOC2	CYP2E1	HPD	ADH1C	VTN	F2	BAAT	ARG1	FGL1	GBA3	AKR7A3	FGA
Exc L5-6 FEZF2 SH2D1B (101)	ADAMTSL1	MEIS2	NLGN4Y	PAPSS2	SCG5	SLC30A8	CPE	GNG12	RIN2	SCGN	FXYD2	ERO1B	RAB3B	INS	SCG3	ABCC8	ZDHHC2	NEUROD1	NOVA1	MPPED2	BEX1	MAP2	NREP	CRMP1	DPYSL2	FBN1	GCG	LTBP2	TTR	EFEMP2	LOXL1	LOX	FRMD6	ITGBL1	FN1	FSTL1	ELL2	TRAM2	MRC2	DDR2	CHGB	CCDC80	CYSTM1	GREM1	GC	RGS4	SERPINE1	TMEM176B	VEGFC	FKBP10	COL6A1	MXRA8	PCSK2	LAMB2	RCN3	KCNK2	CLMP	LTBP1	LOXL2	RP11.385J1.3	PCOLCE	COL5A1	PARVA	NT5E	WNT5B	GAS6	TM4SF4	COL5A2	EHD2	COL6A2	MMP2	CKAP4	COL1A1	TIMP2	USH1C	LAMC1	PTRF	C10ORF10	QPCT	KIAA1324	SSR4	SCARF2	PRRX1	CLIC4	PARM1	VIM	SSC5D	SHC1	ENPP2	ITGB1	CRIM1	VASN	PEMT	ADAMTS2	MEOX2	COL12A1	SLIT3	MYOF	CD248	LMNA	OSR1	FAP	EVC	TAGLN
Exc L6 FEZF2 PDYN (102)	GBP2	PDYN	CRYM	TAP1	IRF1	GBP5	LITAF	TLR8	TNFRSF1B	PARP14	HCK	PARP12	PTPRC	NCF2	LILRB2	TLR2	DDX60L	APOL6	CASP4	CASP5	HLA.E	HCLS1	LYN	HLA.A	RNF149	LCP2	WIPF1	CTSS	MX2	ACSL1	CASP1	SECTM1	IL10RA	RASSF5	LILRB3	AOAH	SQRDL	CD53	RNF19B	GBP1	ARHGAP25	TRIM22	NAMPT	THEMIS2	EPSTI1	PIK3R5	ARHGAP30	NLRC5	JAML	TNFAIP2	PILRA	HLA.B	AQP9	TLR1	NINJ1	STX11	APOL3	BCL3	TNIP1	FCGR1B	CSF2RB	LRRK2	GBP4	ISG20	NOD2	EVI2B	FGL2	CYTH4	LCP1	MNDA	ITGAX	TNFSF10	BTN3A1	RNF213	TYMP	ADGRE2	SMAP2	MXD1	TRANK1	SBNO2	FPR2	FYB	TAGAP	DOCK8	APOBEC3A	NCF1B	VNN2	CYTH1	CREG2	FMNL1	TLR4	TNFAIP8	LILRA6	ARRB2	CLEC4E	ADGRE5	SAMD9	SMCHD1	DHX58	FAM65B	SP110	CCR5
Exc L6 FEZF2 FFAR4 (103)	FER1L6_AS2	LOC105378486
Exc L6 FEZF2 PROKR2 (104)	LOC105371310	SLITRK6	CYP2T1P	TEX14	ZNF708	LINC00643	SIAH3	CTA.246H3.11	TRPS1	ZNF652	TTC39A	SYCP2	STARD10	MAGEL2	CYP2B7P	DLX1	GRHL2	PRR15L	HSFY3P	IRS1	WWP1	SERPINA6	POLHP1	PREX1	ERBB2	SDC1	TRBV26OR9.2	CCNJ	TLE4	GRB7	ALCAM	SLC39A6	ITGB6	SPANXA2	SPANXA1	MLLT11	ARFGEF2	EXOC5	COL17A1	ATAD1	MMP10	TCEAL7	XBP1	EFHD1	CLCA2	SLC16A14	GABRB3	PCDHA14	CUEDC1	LAMA3	LAMC2	PGAP3	DYNC1I2	RP4.809F18.1	DSEL	GGT2	FZD6	KIAA0196	MLPH	CDH1	CYB561	C16ORF96	TJP3	YWHAZ	C22ORF42	ANKRD50	TFF3	DLX2	FAM83H	SLC2A10	KRT19	PNPT1P1	TRIQK	CD24	ZDHHC17	LHX8	ZNF300	PSCA	HOXC12	HSPA13	KLHL9	MPZL2	FAM84B	PERP	IQCJ	CELSR1	ESRP1	SMG8	RALYL	KRT18P23	FOXA1	SERPINB5	PTPRK	VN1R76P	GFRA1	SLC6A14	CD109	ZNF112	RALGAPB	SLC38A1	CERS6	IRF6
Exc L5-6 FEZF2 CFTR (105)	LOC105374392	NR4A2	SEMA3D	TRAV29DV5	EBF3	COX7BP1	PBX1	CSRNP1	JUNB	COQ10B	CELF4	LMX1A	NR4A3	NR4A1	ZFP36	FOSB	JUND	GALC	ZNF331	STK17B	ZNF80	TRBV10.3	NTM	PER1	AC007041.2	EGR2	RP11.722G7.1	IRS2	TNFAIP3	MTND1P15	RP11.402G3.5	RP11.39E3.5	RGCC	SYTL3	ATP5G1P7	HNRNPABP1	TOX3	CREM	CLK1	PCDH8	TRBV6.1	SCN3A	EPC1	KLF6	NHLH2	SAMD11P1	AL109927.1	CSRNP3	RPL7P54	WWP1P1	RP11.574K11.31	CBLB	MATN1	HECA	BTG2	PTGER4	KLF2	COL21A1	RP11.798K23.5	MYLIP	GOLGA6L4	FOS	MYL6P2	NFKBIZ	BTBD9	RNF19A	NFKBID	AC013267.1	CCER1	ELAVL4	UBE2SP1	CH507.42P11.8	CLIC4	ANKRD62	FOXA2	FOXP2	RSPO4	SOBP	GRASP	JUN	BTG1	KLHL1	TOB1	CPEB3	TSHZ2	SH2D2A	CXCR4	RP11.365H23.1	KLF4	MXRA5Y	CELF2	YPEL5	PDE4B	TRBV4.2	EIF1	IER2	SCML4	OXTR	TRAJ23	CASD1	FRS2	CNTN5	GEM
Exc L6 FEZF2 KLK7 (106)	LOC101927439	MDFIC	GNA13	NR3C1	MBD2	ARHGAP31	SYNE3	ANXA6	CYTH1	RAP1A	ETS1	RFTN1	TNIP1	RAPGEF1	WIPF1	TRAF1	AKR1B10P2	TRIM22	CD48	APOL6	FNBP1	TLN1	MGAT1	ACTR3	PIK3AP1	SLFN5	LAPTM5	CTSZ	CCDC69	NCKAP1L	MYO9B	TAP1	SLC15A3	DOCK10	IKZF1	LCP1	STAT6	MBNL1	DOCK2	KLF13	SP100	IL10RA	NFKB2	APBB1IP	MYO1G	TNFAIP8	NFKB1	CD84	STAT1	IRF5	TBC1D2B	IFI16	BLNK	PI4K2B	MAN2B1	CYLD	CTSH	LPXN	RHOQ	LAMP1	LY75	ANXA11	CYBB	CD4	BCL2	ACSL1	CD53	PLEKHA2	RUNX3	NLRC5	MSC	NEK7	MAPKAPK2	HLA.A	TNFRSF14	ERAP1	ADPRH	PLEKHO2	EMILIN2	RASSF5	LACTB	MR1	PPTC7	P2RY10	PIK3R5	LRRFIP1	TFEB	EHD1	AC013264.1	LHFPL2	ACTR2	PPP1R18	KLF10	GBP2	ATP5L2	BTG1	CD40	ARHGAP30	SNX9	DOCK8	RELB	FMNL3
Exc L6 FEZF2 POGK (107)	ADD3_AS1	LOC100132891	PCOLCE2	CIDEC	PLIN1	ADIPOQ	GPD1	CLEC3B	TUSC5	AQP7	LIPE	C14ORF180	AOC3	GPAM	PLAC9	LEP	ECM2	CHRDL1	PLIN4	FMOD	SEMA3G	ADIRF	DGAT2	LPL	FP325317.1	PRELP	PNPLA2	FABP4	THRSP	RETSAT	DPT	CIDEA	C1QTNF1	SOD3	GYG2	GPIHBP1	G0S2	ACACB	SORBS1	FZD4	GSN	ADH1B	AGPAT2	ITGA7	NPR1	KCNIP2	DEFB132	CLMP	ANGPTL2	SCARA5	CD300LG	TNS1	BTNL9	FBLN2	SAA1	RP5.1052I5.2	BOK	WISP2	TIMP4	CFD	CD36	PALMD	HSPB6	LGALS12	TNS2	MEOX1	EGFL6	ACO1	ALDH2	TNXB	COPZ2	FHL1	MYO1C	DDR2	CEBPA	RDH5	ITIH5	MRAP	PC	SERPINF1	RAMP3	PALM2.AKAP2	XG	PPP1R1A	EHD2	CYB5R3	CRTAP	CCL14	SCD	MRAS	SLC7A10	HRASLS5	MCAM	TNMD	TMEM37	MFAP5	ISLR	EPAS1	VEGFB	ADRA2A	HSPA12B	RAMP2	RRAS
Exc L5 FEZF2 CSN1S1 (108)	LOC105373592	OPN4	VAT1L	CATSPER4	RP11.457K10.2	HMGB1P46	RBM22P4	RP11.456P18.2	DDX53	OTOP2	RP11.989E6.13	RP11.296E7.1	POTED	CTD.2135J3.4	RP11.368J22.2	STXBP6	DSPP	FABP5P3	TRAJ16	TBCAP2	CH17.118O6.3	RP1.21O18.3	CTC.479C5.6	STMN4	MSX2P1	ZNF256	CCDC169.SOHLH2	RDH12	GPBAR1	USP17L22	RP11.348H3.2	FAAHP1	TRBJ1.2	DUX4L28	AC026954.6	TRAV26.1	LRRC37A13P	RP11.652G5.1	TUBB2B	MRPL2P1	TUBB2A	ENO2	NDRG4	ANGPTL5	DUX4L19	CT476828.21	CT476828.5	RPL7P35	LCN8	KLC1	GZMAP1	COPS2	RPLP0P7	UCHL1	RTN1	DPYSL5	MAP2	IMPA1	FXYD6	SEPT3	APBB1	RP11.154P18.2	RALYL	OR2A42	RGPD8	SYT11	GSTCD	CRMP1	ATCAY	TMEM59L	GAP43	RPL7L1P10	KIF1A	MLLT10P1	MAGED4B	MAPT	SARAF	RP11.321E2.13	GNG3	GABRG1	YWHAQ	INA	CELF3	HOXD3	GABRA3	USP11	SV2A	RCAN2	MAGED1	PNMAL1	HMP19	PCDHGC4	BSCL2	PNMA1	KIF1B	RCOR3	NDFIP1	CLIP3	KIF3C	CAPN14	TUBB3	GDI1	DPYSL3
Exc L3-5 FEZF2 ASGR2 (109)	LOC105376457	OR51E2	OR51C1P	POTEG	POTEM	POTEI	LA16C.3G11.7	SNX18P2	SLC45A3	RP11.5A19.5	ABCC4	ATG12P2	TRPV6	ALOX15B	LMAN1L	RDH11	MON1B	NEDD4L	POTEH	CCDC85C	ACSM1	ECHDC2	HMGN2P46	TRPM8	TTC6	KLK3	RP11.1J11.1	RASEF	AL049758.2	ANO7	KLK4	ACADL	CYP4F62P	AC005077.14	CYP4F30P	MALT1	RP11.214J9.1	STEAP2	SYT7	GRAMD4P2	UGT2B17	FAR2P2	MNT	MPV17L	DNMBP	USP54	FOLH1	CREB3L1	SLC22A5	MIA3	FAR2P4	PAOX	ABHD2	SLC25A16	TACC2	RP11.631M6.3	ARHGEF38	WTIP	SLC30A4	GRAMD4P3	ENTPD5	ACPP	MTCO1P28	TMPRSS2	MROH5	ACOT11	AMACR	NOL3	SIM2	FAR2P1	EFCAB12	ARHGAP32	RP11.10O17.1	GTF2IRD2	DMXL1	PCSK7	HSPE1P26	MARCKSL1P1	CCDC125	RRBP1	TMEM212	RP11.829H16.5	HOMER2	CD46	RP11.365D9.1	FOXA1	CYB5RL	SMG1P7	ZNF814	HELB	CSPG4P12	FAM3B	OR51E1	ALDH1A3	RP11.307A17.2	OLA1P3	HNRNPA1P54	SLC35E3	ENDOD1	HSF4	AL023806.1	ZBTB16
Exc L3-5 FEZF2 LINC01107 (110)	BTNL9	EDNRB	PLIN1	TUSC5	AQP7	SEMA3G	LIPE	LEP	CD300LG	GPIHBP1	GPD1	PLIN4	ADIPOQ	CHRDL1	GPM6B	NTRK2	CIDEC	AOC3	ITIH5	PNPLA2	KCNIP2	ECM2	SORBS1	FGFBP3	EGFL6	FABP7	FP325317.1	GYG2	TTYH1	C14ORF180	CIDEA	TNS1	RDH5	ACACB	ADH1B	HSPB6	PALMD	QKI	FZD4	ALDH2	LPL	ITGA7	NOTCH4	NPR1	C1ORF61	CCL14	HSPA12B	RAPGEF3	FABP4	DPT	SPARCL1	ARHGEF15	GSN	PCOLCE2	GHR	SOX2	TNS2	CD36	FHL1	MEOX1	ADIRF	PPP1R1A	ID4	PTN	CFD	ADCYAP1R1	RBP7	CDO1	RGMA	GDPD2	FIBIN	BBOX1	SLC19A3	GABRE	RP5.1052I5.2	BCAN	IRX6	ADCY4	ADRA2A	PLAC9	SAA1	RAMP3	TIMP4	SLC1A4	FMO2	LIMS2	CRISPLD1	G0S2	PHLDB1	SCN1A	MASP1	SIK2	EPAS1	GPAM	CLEC3B	SOD3	DGAT2	PLIN5	AGPAT2	ABAT	AQP1	TNMD
Exc L5 FEZF2 PKD2L1 (111)	NPSR1_AS1	VGLL3	SVEP1	ADAM12	COL1A2	PSG4	PSG1	PSG5	PAPPA	FBN1	PSG11	PSG3	PSG9	PSG6	CSH1	CSH2	CSHL1	FSTL1	CCDC80	CYP19A1	GH2	COL12A1	TIMP2	PAPPA2	ADAMTS2	ITGBL1	PSG7	CRIM1	COL5A1	MRC2	MFAP5	COL5A2	LOX	PARVA	PSG8	RECK	FBLN5	COL1A1	HSD3B1	BMP1	DDR2	SEPT11	MXRA8	HEG1	CD248	CALD1	CEMIP	LMO7	FRMD6	ALDH1L2	LAMC1	CDH11	ATP2B4	FBLN2	TEAD1	PDGFRB	EHD2	GPR78	AFAP1	EVC	SPARC	TWIST2	THBS1	FKBP9	ITGA11	GREM1	FBLN1	NEK7	ADAM33	EFEMP2	SLIT3	COL3A1	LAMA2	DAB2	TMEM47	COL6A1	CLMP	MYLK	VASN	FERMT2	LOXL1	COL6A2	LAMA4	CALU	LTBP2	TRPV6	NECTIN3	TRAM2	ELN	ADM	LRP1	FN1	MYOF	PODN	COL11A1	FAM26E	CLIC4	LOXL2	COL6A3	USP53	PTGIS	KCNK2
Exc L5 FEZF2 NREP-AS1 (112)	ADAMTS12	CD36	LOC105370315	PLIN1	ADIPOQ	FSTL1	GPD1	LIPE	PXDN	AQP7	COL5A1	LAMC1	AOC3	FBN1	CIDEC	LOXL2	TUSC5	PLIN4	SPARC	LEP	SERPINH1	SEMA3G	LPL	FN1	FABP4	COL5A2	ITGB1	CKAP4	CALU	C14ORF180	CDH11	EXT1	NID2	AC073850.6	PARVA	CIDEA	GPAM	FRMD6	CHRDL1	ITGA11	LAMB1	TAGLN	CALD1	ACACB	KIRREL	HEG1	LOXL1	COL4A2	PNPLA2	DGAT2	TRAM2	COL1A1	GPX8	INHBA	RAI14	EFEMP2	CLIC4	ADAMTS2	CTGF	FP325317.1	AFAP1	AKAP2	CHSY3	TPM4	ECM2	FKBP10	GPIHBP1	CCDC80	MICAL2	BTNL9	COL3A1	COL6A3	LOX	CD300LG	SORBS1	ACTN1	PCOLCE2	PDGFRB	EHD2	MRC2	SRPX2	MYOF	TGFB2	IGFBP7	RETSAT	FERMT2	COL6A1	NDST1	MYL9	ARSJ	PLOD1	SYDE1	PLOD2	SEPT11	EVC	GSN	MMP2	FZD4	VCL	DDR2	PTRF	EGFL6	ASAH1
Exc L5 FEZF2 RNF144A-AS1 (113)	CD36	LOC105369818	LOC105370019	PLIN1	ADIPOQ	GPD1	LIPE	AQP7	AOC3	CIDEC	TUSC5	PLIN4	LEP	SEMA3G	LPL	FABP4	C14ORF180	AC073850.6	CIDEA	GPAM	CHRDL1	ACACB	PNPLA2	DGAT2	FP325317.1	ECM2	GPIHBP1	BTNL9	CD300LG	SORBS1	PCOLCE2	RETSAT	GSN	FZD4	EGFL6	ASAH1	KCNIP2	G0S2	CEBPA	LGALS12	AGPAT2	ITGA7	TNS1	ACSL1	PALMD	GNAT3	FHL1	CFD	ITIH5	GYG2	NPR1	ADH1B	ALDH2	PPP1R1A	DPT	THRSP	HSPB6	RHOQ	MGLL	ADIRF	CCL14	ACO1	DEFB132	MRAP	SLC7A10	RDH5	RP5.1052I5.2	SAA1	MRAS	STOM	TNMD	MEOX1	TIMP4	HSPA12B	GHR	ANGPTL2	MYZAP	ADRA2A	PRKAR2B	PLAC9	BOK	CLEC3B	RBP7	HRASLS5	WNT11	STBD1	CCDC69	TNS2	ALS2CR11	ACSS2	ANO6	AIFM2	RAPGEF3	PGM1	MCAM	RAMP3	HADHB	TNXB	SIK2	HSDL2	PALM2.AKAP2	FAM213A	UCP1
Exc L5-6 FEZF2 IFNG-AS1 (114)	LOC105369818	NPSR1_AS1
Exc L5-6 FEZF2 LPO (115)	LOC101928114	LOC105376372
OPC L1-6 PDGFRA COL20A1 (116)	FAM222A	KIF25	TGFA	RP11.680L20.1	AC138744.2	RP5.1073F15.1	C2ORF16	TGIF2P1	FAM234B	AC007040.11	MTMR9LP	CDA	RP11.739N20.3	RP11.311D14.1	MT1JP	AZGP1P1	HAND2	C3ORF20	GPR87	RPS26P43	GJB3	DOK4	RIBC1	DBH	CTD.3236F5.1	RP1.128M12.3	RET	PHOX2A	SLC6A2	FERMT1	PDZK1IP1	F3	PRSS51	RGS5	SCMH1	CTD.2552B11.3	PLEKHA6	FGFBP1	S100A10	COG3	SERPINB5	ADGRF4	EPHA2	TLX2	ITGA3	RP11.779O18.2	LAMC2	TINAGL1	PTHLH	GJB5	SDC4	SDC1	COX6C	KIF26A	IRF6	PQLC2L	LAMA3	MET	LAMB3	MAL2	S100A11	SFN	ALDH1A3	CAV2	CDH3	RAD17P1	KRT5	SHD	ADAM22	FAM163A	GUCA1C	MPZL2	GNAS	FAM3C	ADNP2	ILDR1	ANXA8	SPP1	SOX8	HEBP1	ITGA2	NDRG1	TM4SF1	FZD6	COL17A1	MARCH11	RP3.415N12.1	BCAR3	UNC5B	CTD.2104P17.1	PERP	S100A16	MYOF	GJB2	ANXA8L1	TNS4	ANXA3	CDCP1	KRT17	LAD1	FAM167A	TNFRSF12A	ZDHHC5
Oligo L2-6 OPALIN MAP6D1 (117)	ENPP2	LOC101927459	CPE	SCG5	TTR	GCG	TM4SF4	SLC30A8	PCSK2	SLC38A4	SCGN	CHGB	ELL2	PARM1	FAP	SCG3	TMEM176B	CYSTM1	RGS4	GPR119	GPX3	QPCT	PTPRN	RIN2	PAM	NAA20	SSR4	PAPSS2	RFX6	KIAA1324	SCGB2A1	MOB1B	ERO1B	GLS	RAB3B	LOXL4	CFC1	TMEM59	ARFGEF3	TMED4	GCH1	DNAJC12	MAN1A1	ABCC8	SCG2	CNTN1	ERMN	C10ORF10	GC	NKX2.2	SEC22B	ARHGAP1	CNTN4	RP11.460G11.2	PEMT	SSR1	TMEM144	EDIL3	SLC7A2	LIMCH1	PLP1	FAM46A	SLC7A8	KCNMB2	PDK4	ZDHHC2	FXYD6.FXYD2	CD99	MOBP	G6PC2	SAR1B	NEUROD1	SMIM6	SSX2IP	RNASEK	ANXA7	PTPRN2	HEPACAM2	TSPYL1	EDN3	PTEN	TPD52	RP11.385J1.3	UCN3	ALDH1A1	SLC16A12	RASGRF1	LRP11	TMEM236	CFC1B	SPOCK3	TMOD1	TMEM61	CACNB2	CNP	PHKG1	CBX6	ISL1	CPNE8	CD63	KCNMA1	SEPT4
Oligo L3-6 OPALIN ENPP6 (118)	ENPP2	LINC01378	MBP	ST18	ERMN	PLP1	SEPT4	MOBP	TMEM144	OPALIN	CNP	PEX5L	PLEKHH1	CNTNAP4	CPE	SCG5	TTR	GCG	SLC30A8	TM4SF4	PCSK2	SCG3	SCGN	PARM1	ARFGEF3	NEUROD1	DNAJC12	PTPRN2	CARNS1	MAG	TPPP	ABCA2	MTURN	TMEM235	LGI3	PLEKHB1	MOG	DBNDD2	APLP1	PAQR6	GPRC5B	KCNJ9	TUBB4A	PRR18	HAPLN2	FAIM2	CERCAM	AATK	AK5	SLC17A7	GPR37	DNM1	KIF5A	PHYHIP	PACSIN1	FGF1	GRIN1	NCDN	SNAP25	GAS7	HCN2	SYN2	VSNL1	FA2H	NDRG2	DAAM2	MAP1A	TMEM151A	CPLX2	CDK18	LYNX1	SNCB	SYN1	TTYH2	MAP6D1	CPLX1	SLC12A5	RAPGEF5	PTGDS	KCNJ10	STX1B	BRSK1	MYRF	MAPK8IP1	B3GAT1	SPTBN4	CAMK2A	PPP2R2C	GNAO1	DIRAS2	GABRD	NAT8L	PRKAR1B	PNMAL2	DNAJC6	QDPR	SYNGR1	RPH3A	SLC22A17	FAM163B	CEND1	KIF1A	FBXL16	DLG4
Oligo L2-6 OPALIN FTH1P3 (119)	STK32A	VCAN	FAT3	MACF1	MPEG1	ZNF572	KIAA1109	RP11.420B22.2	ADGRL3	AE000660.4	FBN2	CTSS	NOTCH2	LILRA1	WDFY3	XPR1	FCN1	FGL2	LYZ	KIDINS220	AOAH	RP11.696L21.2	CTD.3030D20.1	CD1D	DMXL2	CSRNP3	HEPN1	ROBO1	ATP13A4	TAOK1	PCNX1	CYBB	GRIA2	IRAK3	C1ORF111	CD300E	TLR4	RP11.57B24.1	DGKI	AP000769.1	MCL1	TLR8	CR1	ALPK2	BACH1	MEIS2	HIPK3	SLC46A2	PLBD1	SSH2	MYOCD	DDX17	CLEC12A	UTRN	CCDC141	OSBPL8	FCGR2C	KCTD12	SNX18	TECRL	MAP3K1	HNRNPA3P9	DICER1	TMEM170B	AKAP13	BIRC6	RP4.635A23.4	DCT	CLASP2	PLXNC1	PANK3	LRRK2	TICAM2	CFP	APAF1	PDGFRA	AHNAK	HERC1	IL17RA	LYST	TLN1	ADGRL2	LRP1	CD300LB	PTPRD	FGR	MLANA	IQCJ	DOCK11	FAT4	NRCAM	CNTNAP5	DENND5A	SMCHD1	MEGF9	SAMHD1	ITGAM	IGF2R	ZNF492	MED13L	DCHS1	THEMIS2
Oligo L5-6 OPALIN LDLRAP1 (120)	LOC105376917	OPALIN	RNF219_AS1	MOBP	ERMN	SEPT4	PLP1	MBP	MTURN	PLEKHH1	CNTNAP4	TMEM144	CARNS1	TMEM235	PEX5L	FGF1	RAPGEF5	TPPP	GPR37	ABCA2	PLEKHB1	DAAM2	SLCO1A2	MAG	AK5	LGI3	BCAS1	PAQR6	GPRC5B	TTYH2	FMNL2	CNP	APLP1	PRR18	PKP4	DBNDD2	KCNJ9	CERCAM	TTLL7	SLC5A11	ATP8A1	SECISBP2L	KIF5A	MOG	DLG2	SLC1A2	LPAR1	KCNJ10	RAPGEF4	DNAJC6	MAP1A	FAIM2	GAS7	TUBB4A	NFASC	SLC17A7	SLAIN1	GNAO1	VSNL1	SYN2	MAP6D1	ARHGAP21	PACSIN1	AATK	NDRG2	CNDP1	HSPA2	B3GAT1	MYRF	SEPT8	CAMK2A	SYN1	RPH3A	TMEM151A	NCDN	PPP2R2C	SNAP25	PHYHIP	CDK18	DNM1	MAPK8IP1	SRCIN1	HPCAL4	HIPK2	FA2H	PAIP2B	GRIN1	LYNX1	HCN2	SNCB	SV2B	BRSK1	KIF1A	KCNA2	DIRAS2	CHN1	CPLX2	FAM163B	STX1B	SLC12A5	PNMAL2	PTGDS	IDS
Astro L1-6 FGFR3 AQP1 (121)	TNC	MRC2	PCOLCE	COL6A2	COL6A1	COL6A3	TIMP2	COL1A2	EFEMP2	EMILIN1	FKBP10	COL16A1	KIRREL	MMP2	COL1A1	SERPINE2	COL12A1	ADGRA2	VIM	THBS2	MMP14	LOXL2	FSTL1	SCARF2	PRRX1	COL5A1	LRP1	FRMD6	LAMC1	LAMB2	FN1	LOXL1	TWIST2	MXRA8	PCDHGC3	PDGFRB	SERPINH1	CKAP4	SEC61A1	TRIO	VASN	TPM4	VEGFC	FBN1	SPARC	GPC1	CALU	GAS6	EHD2	OSMR	PLOD3	SYDE1	PRRX2	ADAM9	EVC	TMEM119	PARVA	MRGPRF	MXRA5	SEPN1	CDH11	TTYH3	CHST3	DDR2	FKBP9	LTBP1	SH3PXD2B	FBLN2	LAMA4	ACTN1	EXT1	MPZL2	PTK7	TRAM2	LOX	LAMB1	LMNA	CD248	PLOD1	NT5E	ITGB1	CSPG4	CLMP	RCN3	NDST1	HTRA1	COL5A2	SH3PXD2A	ATP2B4	SSC5D	LTBP2	GNG12	DKK3	ELN	NCAN	KCNK2	FBLN5	SCARA3	HDLBP	CTHRC1	LRRC15
Astro L1 FGFR3 SERPINI2 (122)	CFAP47	WDR49	WDR78	C9ORF24	FSIP1	VWA3A	HYDIN	HIST1H4F	FNDC7	HIST1H4J	TMEM67	DNAH6	NEK11	CFAP54	DNAH7	MTHFD2L	ADGB	PSD3	PTPRQ	RGS22	MAP3K19	SLC9C2	DAW1	LRRC6	CASC1	SPAG6	AKAP14	TEX26	NALCN	WDR63	DCDC1	LRRC9	FAM183A	SETD3	GABRG1	CFAP43	ADGRL3	MIA	ARMC4	CSPP1	HIPK3	C7ORF57	AC026348.1	FAM81B	DNAH12	ARMC3	DNAH11	CFAP52	DRC1	CFAP206	LRBA	CCDC146	DNAH9	ZBBX	HIST1H4D	DTHD1	SPAG17	CAPSL	CLEC19A	CATSPERD	PPIL6	ROPN1L	RP1	PPP1R42	MORN5	FRMPD2	STXBP5L	DNAH5	TMEM232	SPEF2	IFT46	RPS14	SPATS1	CFAP57	CFAP46	CFAP126	DNAAF1	DYDC2	EFCAB1	LRRC23	DNAH10	C11ORF88	RSPH4A	ZMYND10	C11ORF70	WDR49	CFAP47	LIPJ	C10ORF107	SLC6A13	PIFO	LAMP5	MYO16	DYNLRB2	TTC29	FBXL13	SPAG16	PIH1D2	FANK1	C12ORF74	ANKRD66	KCNH1
Astro L1-6 FGFR3 PLCG1 (123)	COL5A3	LOC105376917	VSIG8	CTC.308K20.4	ULK3	RP1.206D15.5	LYL1	P2RX1	CCDC61	TXNRD3	MINPP1	RP11.146E13.5	SVOPL	CBFA2T3	RP11.144O23.22	HMGB3P20	HOXB2	FAM212A	ME3	TSPAN32	RP11.640N20.8	HMGA1P3	RP11.496I2.5	TTC24	RP11.327P2.7	CENPVP3	CDC37P1	CTD.2033D24.2	LYPLA2P1	NFE2	EGLN1P1	ORAI1	NMNAT3	RARRES2P1	RIN3	GP1BB	ZNRF2P1	NDUFB4P11	C11ORF68	IGHJ2P	RP11.435I10.3	RP11.403I13.9	RP11.815J4.7	GPAA1P1	AVP	IKBKGP1	STARD7	RSAD1	IGHJ1	TALDO1	SPDYE8P	HACD1	RP11.535M15.2	RP11.80H5.5	OR2L13	CCDC42	VWA2	SERPINB1	SPINK2	C1ORF204	LRRC29	ACSS1	MPL	SCRN2	ACADS	RP3.406A7.5	CENPT	C1ORF216	SUMO3	CYTL1	CTD.2012J19.2	ANKRD27	ZNF575	CPA3	BRD7P1	CICP4	CLK3P2	RP11.673E1.3	ZFP36L2	FPGS	SHARPIN	EMID1	MMP23A	NEURL2	EVA1B	VPS51	ACOT4	GATA2	SRP9P1	AC006116.20	POLM	FAM65C	CTSF	THAP8	UBA7	OCM	NT5M	STIM1	CTD.3222D19.2	H2AFY	TRAPPC6A	AC010970.2
Endo L2-5 NOSTRIN SRGN (124)	CLDN5	HOXB1	SSTR2	CLEC14A	PLVAP	TEK	BCL6B	RP11.436M15.1	ESAM	PECAM1	TIE1	RASIP1	TSC22D1	GPR146	RHOJ	ACVRL1	CXORF36	PCDH12	AC026954.6	ARHGEF15	CDH5	HTR2B	SOX18	APLN	RAMP2	ADGRF5	SMAD1	AC255361.1	VWF	CALCRL	TGFBR2	ADAM3B	RAMP3	MMRN2	FAM198B	MCAM	FAM110A	BANF1P2	BTBD3	NOS3	DLL4	CRABP1	GJA4	FGD5	GPIHBP1	LYVE1	NPR1	ROBO4	MBNL2	NOTCH4	ERG	PLXND1	CD93	ICAM2	EGFL7	ELK3	RASGEF1B	SEMA3G	HYAL2	HSPA12B	ECSCR	SNRPEP7	SHANK3	GS1.124K5.10	RAPGEF3	PTPRB	FLT4	HOXB2	SCARF1	AFAP1L1	RASL11B	RP11.115M14.1	SLC35B2	IGFBP4	TP53I11	MADCAM1	LAMA4	TAGLN3	DOCK6	RP11.1223D19.2	PLK3	ANO3	TNS2	TUSC5	DRP2	C1QTNF5	SOX7	SOX17	EXOC3L1	SLC9A3R2	SLC22A10	GSN	LIPE	PLIN1	PDGFB	MAPK10	RP11.216N14.5	PRCP	C11ORF87	ADCY4	GS1.44D20.1
VLMC L1-5 PDGFRA COLEC12 (125)	COL1A2	COLEC12	COL1A1	COL5A1	MRC2	COL5A2	FSTL1	COL6A2	TIMP2	EFEMP2	ADGRA2	COL6A1	PCOLCE	COL6A3	FBLN5	MXRA8	COL16A1	FBN1	FBLN2	ADAM33	COL3A1	COL12A1	TWIST2	ADAMTS2	PDGFRB	CD248	LRP1	CDH11	EMILIN1	LOXL1	MMP2	SSC5D	VASN	NFATC4	MXRA5	CEMIP	SERPINH1	DDR2	RECK	PRRX1	MRGPRF	PARVA	LAMB2	LAMA4	LAMC1	CCDC80	PTK7	GREM1	THBS2	FKBP9	CLMP	IGFBP6	SPARC	LOX	LOXL2	RCN3	APP	VGLL3	VIM	COL11A1	CKAP4	EHD2	FKBP10	CREB3L1	PXDNL	ELN	FN1	EVC	LTBP2	PTN	GDF10	PRRX2	GAS6	FRMD6	COL4A2	ATP2B4	ITGA11	COPZ2	TPM4	TAGLN	CALD1	HEG1	LTBP1	AFAP1	DKK3	PTRF	TMEFF1	SCARF2	KIRREL	PXDN	ALDH1L2	TNC	ECE1	MYL9	CALU	IGFBP4	GRIA1	STC2	ITGBL1	TRAM2	WNT5B	ISLR
Micro L1-6 TYROBP CD74 (126)	APBB1IP	P2RY12	RGS18	TUBB1	WAS	HCLS1	CXCR2P1	LSP1	TREML1	MYO1F	PF4V1	CORO1A	GPSM3	CABP5	FMNL1	EVI2B	C10ORF54	C2ORF88	RP11.1180F24.1	SMAP2	MAP3K7CL	PPBPP2	ARHGAP30	WIPF1	RP11.578F21.9	LCP1	BEND2	SELPLG	ADGRE5	THEMIS2	PIK3CD	PLCB2	SIRPB1	C6ORF25	GP1BA	SDPR	IL17RA	ARRB2	DOCK8	CMTM5	NFAM1	ACRBP	PF4	FPR1	GMIP	RUFY1	DDX11L9	HLA.E	RAC2	AKNA	TNFRSF10C	CYTH4	ARHGAP9	DAPP1	ARHGAP45	DOK3	NCF1B	CSF2RB	HCK	ARHGAP25	P2RY13	NCF1	SPI1	ICAM3	CXCR1	TREML2	NCF2	ABTB1	DPEP2	LRRC25	SCGB1C1	CD53	SPX	GRAP2	NAT8B	PPBP	MOB3A	FAM65B	ALOX5	CEACAM3	TRIM40	SCGB1C2	DDX11L1	PTPN6	APOBR	LILRB3	DDX11L10	PTCRA	DOCK2	FGD3	ARAP1	PTPRC	ITGAX	GLT1D1	CLEC1B	CFP	CXCR2	AQP10	RASGRP4	GSTA6P	ZDHHC18	HLA.B
